<?xml version="1.0" encoding="UTF-8" standalone="no"?>
<root>
    <doclet-version-NOT-library-version>1.00</doclet-version-NOT-library-version>
    <class>
        <name>B4R::B4RLCD1602BigNumbers</name>
        <shortname>LCD1602BigNumbers</shortname>
        <comment>B4R Library to display Big Numbers on a LCD1602.
 Changelog
 20170131: NEW</comment>
        <method>
            <name DesignerName="Initialize">Initialize</name>
            <comment>Initializes the object with the LCD display from library rLiquidCrystal (must be initialized prior initializing big numbers).
Max 4 numbers can be displayed.
Example:&lt;code&gt;
Private lcd As LiquidCrystal
Private bigNum As LCD1602BigNumbers
bigNum.Initialize(lcd)&lt;/code&gt;</comment>
            <returntype>B4R::void</returntype>
            <parameter>
                <name>lcd</name>
                <type>B4R::B4RLiquidCrystal*</type>
            </parameter>
        </method>
        <method>
            <name DesignerName="WriteBigNumber">WriteBigNumber</name>
            <comment>Writes a number 0 - 9 at given column position.
A number has size of 3 columns width and 2 row height. Max column position is 13.
Example displaying number 9 at column 3:&lt;code&gt;
WriteBigNumber(9, 3)&lt;/code&gt;</comment>
            <returntype>B4R::void</returntype>
            <parameter>
                <name>number</name>
                <type>Byte</type>
            </parameter>
            <parameter>
                <name>col</name>
                <type>Byte</type>
            </parameter>
        </method>
    </class>
    <version>1</version>
</root>
