{
    "Version": 1.66,
    "Theme": "Dark Theme",
    "Items": [
        {
            "title": "BLE Server",
            "type": "Separator",
            "key": "",
            "required": false
        },
        {
            "title": "Name",
            "type": "Text",
            "key": "name",
            "required": true
        },
        {
            "title": "MAC Address",
            "type": "Text",
            "key": "macaddress",
            "required": false
        },
        {
            "title": "Use MAC Address",
            "type": "Boolean",
            "key": "usemacaddress",
            "required": false
        },
        {
            "title": "Various",
            "type": "Separator",
            "key": "",
            "required": false
        },
        {
            "title": "Advertising Interval",
            "type": "Number",
            "key": "advertisinginterval",
            "required": true
        },
        {
            "title": "Restart app after saving",
            "type": "Separator",
            "key": "",
            "required": false
        }
    ]
}