<?xml version="1.0" encoding="UTF-8" standalone="no"?>
<root>
    <doclet-version-NOT-library-version>1.00</doclet-version-NOT-library-version>
    <class>
        <name>B4R::B4RMAX6675</name>
        <shortname>MAX6675</shortname>
        <comment>rMAX6675 - B4R Library MAX6675.
Wrapped from this open source library https://www.arduino.cc/reference/en/libraries/max6675-library/ (https://github.com/adafruit/MAX6675-library)
Notes: The MAX6675 requires a delay of 250ms between updates.</comment>
        <method>
            <name DesignerName="Initialize">Initialize</name>
            <comment>Initialize the MAX6675 module.
SCK - Pin Serial Clock
CS - Pin Chip Select
SO - Pin Serial Output</comment>
            <returntype>B4R::void</returntype>
            <parameter>
                <name>SCK</name>
                <type>Byte</type>
            </parameter>
            <parameter>
                <name>CS</name>
                <type>Byte</type>
            </parameter>
            <parameter>
                <name>SO</name>
                <type>Byte</type>
            </parameter>
        </method>
        <method>
            <name DesignerName="ReadCelsius">ReadCelsius</name>
            <comment>Read temperature in degrees Celsius.
Returns Temperature C as double.</comment>
            <returntype>double</returntype>
        </method>
        <method>
            <name DesignerName="ReadFahrenheit">ReadFahrenheit</name>
            <comment>Read temperature in degrees Fahrenheit.
Returns Temperature F as double.</comment>
            <returntype>double</returntype>
        </method>
    </class>
    <version>1</version>
    <author>rwbl</author>
</root>
