<?xml version="1.0" encoding="UTF-8" standalone="no"?>
<root>
    <doclet-version-NOT-library-version>1.00</doclet-version-NOT-library-version>
    <class>
        <name>B4R::B4RBLEServer</name>
        <shortname>BLEServer</shortname>
        <comment>Define the B4R namespace.
 The CPP code must be wrapped inside the B4R namespace to integrate with B4R.</comment>
        <event>NewData (Buffer() As Byte)</event>
        <event>Error</event>
        <method>
            <name DesignerName="Initialize">Initialize</name>
            <comment>Initialize the BLE server.
Name - Name of the BLE server.
NewDataSub - Sub to handle new data from the connected client.
ErrorSub - Sub to show any errors.
mtuSize - Size of the MTU between 23 (default) and 512.</comment>
            <returntype>B4R::void</returntype>
            <parameter>
                <name>Name</name>
                <type>B4R::B4RString*</type>
            </parameter>
            <parameter>
                <name>NewDataSub</name>
                <type>SubVoidArray</type>
            </parameter>
            <parameter>
                <name>ErrorSub</name>
                <type>SubVoidByte</type>
            </parameter>
            <parameter>
                <name>mtuSize</name>
                <type>UInt</type>
            </parameter>
        </method>
        <method>
            <name DesignerName="Connected">Connected</name>
            <comment>Flag to check if a client is connected.</comment>
            <returntype>bool</returntype>
        </method>
        <method>
            <name DesignerName="Write">Write</name>
            <comment>Write data to the BLE client.
data = Array as Bytes</comment>
            <returntype>B4R::void</returntype>
            <parameter>
                <name>data</name>
                <type>Byte[]</type>
            </parameter>
        </method>
        <field>
            <name DesignerName="MTU_SIZE_MIN">MTU_SIZE_MIN</name>
            <comment>Static const for MTU min and max size</comment>
            <returntype>UInt</returntype>
        </field>
        <field>
            <name DesignerName="MTU_SIZE_MAX">MTU_SIZE_MAX</name>
            <returntype>UInt</returntype>
        </field>
        <field>
            <name DesignerName="WARNING_INVALID_MTU">WARNING_INVALID_MTU</name>
            <comment>Static const for warning and error codes as constants - see source.</comment>
            <returntype>Byte</returntype>
        </field>
        <field>
            <name DesignerName="ERROR_INVALID_CHARACTERISTIC">ERROR_INVALID_CHARACTERISTIC</name>
            <returntype>Byte</returntype>
        </field>
        <field>
            <name DesignerName="ERROR_EMPTY_DATA">ERROR_EMPTY_DATA</name>
            <returntype>Byte</returntype>
        </field>
    </class>
    <version>0.8</version>
    <author>Robert W.B. Linn</author>
</root>
