<?xml version="1.0" encoding="UTF-8" standalone="no"?>
<root>
    <doclet-version-NOT-library-version>1.00</doclet-version-NOT-library-version>
    <class>
        <name>B4R::B4RBH1750FVI</name>
        <shortname>BH1750FVI</shortname>
        <comment>Wrapper for &lt;link&gt;Digital Light Sensor BH1750|https://github.com/Genotronex/BH1750FVI_Master&lt;/link&gt; library.</comment>
        <property>
            <name>LightIntensity</name>
            <comment>Get the lightintensity in Lux.
Example (Private bh As BH1750FVI):&lt;code&gt;
Log(bh.LightIntensity, "lx")
&lt;/code&gt;</comment>
            <returntype>UInt</returntype>
        </property>
        <method>
            <name DesignerName="Initialize">Initialize</name>
            <comment>Initialize the sensor with address and resolution mode.
Example (Private bh As BH1750FVI):&lt;code&gt;
'Init the sensor with low address 0x23 and the recommended high resolution mode
bh.Initialize(bh.Device_Address_L, bh.Continuous_H_resolution_Mode)
&lt;/code&gt;</comment>
            <returntype>B4R::void</returntype>
            <parameter>
                <name>address</name>
                <type>Int</type>
            </parameter>
            <parameter>
                <name>mode</name>
                <type>Byte</type>
            </parameter>
        </method>
        <method>
            <name DesignerName="SetSleep">SetSleep</name>
            <comment>Set sleep mode</comment>
            <returntype>B4R::void</returntype>
        </method>
        <method>
            <name DesignerName="SetMode">SetMode</name>
            <comment>Set measurement mode</comment>
            <returntype>B4R::void</returntype>
            <parameter>
                <name>mode</name>
                <type>Int</type>
            </parameter>
        </method>
        <method>
            <name DesignerName="SetReset">SetReset</name>
            <comment>Reset</comment>
            <returntype>B4R::void</returntype>
        </method>
        <method>
            <name DesignerName="SetAddress">SetAddress</name>
            <comment>Set the address 0x23 or 05x</comment>
            <returntype>B4R::void</returntype>
            <parameter>
                <name>addr</name>
                <type>Int</type>
            </parameter>
        </method>
        <field>
            <name DefineMethod="true" DesignerName="Device_Address_L">B4RBH1750FVI_Device_Address_L</name>
            <comment>Device address when address pin LOW 0x23</comment>
            <returntype>Byte</returntype>
        </field>
        <field>
            <name DefineMethod="true" DesignerName="Device_Address_H">B4RBH1750FVI_Device_Address_H</name>
            <comment>Device address when address pin HIGH 0x5C</comment>
            <returntype>Byte</returntype>
        </field>
        <field>
            <name DefineMethod="true" DesignerName="Power_Down">B4RBH1750FVI_Power_Down</name>
            <returntype>Byte</returntype>
        </field>
        <field>
            <name DefineMethod="true" DesignerName="Power_On">B4RBH1750FVI_Power_On</name>
            <returntype>Byte</returntype>
        </field>
        <field>
            <name DefineMethod="true" DesignerName="reset">B4RBH1750FVI_reset</name>
            <returntype>Byte</returntype>
        </field>
        <field>
            <name DefineMethod="true" DesignerName="Continuous_H_resolution_Mode">B4RBH1750FVI_Continuous_H_resolution_Mode</name>
            <comment>Start measurement at 1lx resolution. Measurement Time is typically 120ms. Recommended.</comment>
            <returntype>Byte</returntype>
        </field>
        <field>
            <name DefineMethod="true" DesignerName="Continuous_H_resolution_Mode2">B4RBH1750FVI_Continuous_H_resolution_Mode2</name>
            <comment>Start measurement at 0.5lx resolution. Measurement Time is typically 120ms.</comment>
            <returntype>Byte</returntype>
        </field>
        <field>
            <name DefineMethod="true" DesignerName="Continuous_L_resolution_Mode">B4RBH1750FVI_Continuous_L_resolution_Mode</name>
            <comment>Start measurement at 4lx resolution. Measurement Time is typically 16ms.</comment>
            <returntype>Byte</returntype>
        </field>
        <field>
            <name DefineMethod="true" DesignerName="OneTime_H_resolution_Mode">B4RBH1750FVI_OneTime_H_resolution_Mode</name>
            <comment>Start measurement at 1lx resolution. Measurement Time is typically 120ms. It is automatically set to Power Down mode after measurement.</comment>
            <returntype>Byte</returntype>
        </field>
        <field>
            <name DefineMethod="true" DesignerName="OneTime_H_resolution_Mode2">B4RBH1750FVI_OneTime_H_resolution_Mode2</name>
            <comment>Start measurement at 0.5lx resolution. Measurement Time is typically 120ms. It is automatically set to Power Down mode after measurement.</comment>
            <returntype>Byte</returntype>
        </field>
        <field>
            <name DefineMethod="true" DesignerName="OneTime_L_resolution_Mode">B4RBH1750FVI_OneTime_L_resolution_Mode</name>
            <comment>Start measurement at 4lx resolution. Measurement Time is typically 16ms. It is automatically set to Power Down mode after measurement.</comment>
            <returntype>Byte</returntype>
        </field>
        <field>
            <name DefineMethod="true" DesignerName="AddrPin">B4RBH1750FVI_AddrPin</name>
            <comment>Address pin enable = default is pin A3</comment>
            <returntype>UInt</returntype>
        </field>
    </class>
    <version>1.01</version>
    <author>Robert W.B. Linn</author>
</root>
