<?xml version="1.0" encoding="UTF-8" standalone="no"?>
<root>
    <doclet-version-NOT-library-version>1.00</doclet-version-NOT-library-version>
    <class>
        <name>B4R::B4RTrafficLight</name>
        <shortname>TrafficLight</shortname>
        <comment>Library for a Traffic Light with 3 LEDs R-Y-G
Documentation used:
* http://playground.arduino.cc
Additional Libraries required:
* None
Additional Classes required (included in the wrapped library folder):
* None
Changelog
20170216: v1.0</comment>
        <property>
            <name>Red</name>
            <comment>Set or get the state of the RED LED.
Example (Private tl As TrafficLight):&lt;code&gt;
'Set RED LED on (true) or off (false)
tl.Red = True
'Get the state of the RED LED
Log(tl.Red) returning 0 or 1
&lt;/code&gt;</comment>
            <returntype>bool</returntype>
            <parameter>
                <name>state</name>
                <type>bool</type>
            </parameter>
        </property>
        <property>
            <name>Yellow</name>
            <comment>Set or get the state of the YELLOW LED.
Example (Private tl As TrafficLight):&lt;code&gt;
'Set YELLOW LED on (true) or off (false)
tl.Yellow = True
'Get the state of the YELLOW LED
Log(tl.Yellow) returning 0 or 1
&lt;/code&gt;</comment>
            <returntype>bool</returntype>
            <parameter>
                <name>state</name>
                <type>bool</type>
            </parameter>
        </property>
        <property>
            <name>Green</name>
            <comment>Set or get the state of the GREEN LED.
Example (Private tl As TrafficLight):&lt;code&gt;
'Set GREEN LED on (true) or off (false)
tl.Green = True
'Get the state of the Green LED
Log(tl.Green) returning 0 or 1
&lt;/code&gt;</comment>
            <returntype>bool</returntype>
            <parameter>
                <name>state</name>
                <type>bool</type>
            </parameter>
        </property>
        <property>
            <name>Version</name>
            <comment>Get the library version.
Example (Private tl As TrafficLight):&lt;code&gt;
Log(tl.Version)
Output: 20170217
&lt;/code&gt;</comment>
            <returntype>B4R::B4RString*</returntype>
        </property>
        <method>
            <name DesignerName="Initialize">Initialize</name>
            <comment>Initialize the Traffic Light LEDs Red, Yellow, Green
Example:&lt;code&gt;
LEDs connected to the Digital Pins D8=Red, D8=Yellow, D10=Green
Initialize(8,9,10)
&lt;/code&gt;</comment>
            <returntype>B4R::void</returntype>
            <parameter>
                <name>LedRedPin</name>
                <type>Byte</type>
            </parameter>
            <parameter>
                <name>LedYellowPin</name>
                <type>Byte</type>
            </parameter>
            <parameter>
                <name>LedGreenPin</name>
                <type>Byte</type>
            </parameter>
        </method>
        <method>
            <name DesignerName="TurnOff">TurnOff</name>
            <comment>Turn the Traffic Lights Off</comment>
            <returntype>B4R::void</returntype>
        </method>
        <method>
            <name DesignerName="TurnOn">TurnOn</name>
            <comment>Turn the Traffic Lights On</comment>
            <returntype>B4R::void</returntype>
        </method>
        <method>
            <name DesignerName="SetState">SetState</name>
            <comment>Set the state for each of the LEDs Red-Yellow-Green to on = true or off = false
Example (Private tl As TrafficLight):&lt;code&gt;
Set Red=off,Yellow=on,Green=on: tl.State(false, true,true)
&lt;/code&gt;</comment>
            <returntype>B4R::void</returntype>
            <parameter>
                <name>r</name>
                <type>bool</type>
            </parameter>
            <parameter>
                <name>y</name>
                <type>bool</type>
            </parameter>
            <parameter>
                <name>g</name>
                <type>bool</type>
            </parameter>
        </method>
        <method>
            <name DesignerName="GetState">GetState</name>
            <comment>Get the state for each of the LEDs Red-Yellow-Green as byte 0 (=off) or 1 (=on)
Returns an Array of Byte
Example (Private tl As TrafficLight):&lt;code&gt;
Dim b() As Byte = tl.GetState
Log(b.Length,":",b(0),b(1),b(2))
Output: 3:011 which means arraybyte length of 3, Red=Off (0), Yellow=On (1), Green=On (1)</comment>
            <returntype>Byte[]</returntype>
        </method>
        <method>
            <name DesignerName="Simulate">Simulate</name>
            <comment>Simulate a Traffic Light: red 2s, yellow 3s, green 2s theen all lights turned off.
Example (Private tl As TrafficLight):&lt;code&gt;
Simulate
&lt;/code&gt;</comment>
            <returntype>B4R::void</returntype>
        </method>
    </class>
    <version>1</version>
    <author>Robert W.B. Linn</author>
</root>
