<?xml version="1.0" encoding="UTF-8" standalone="no"?>
<root>
    <doclet-version-NOT-library-version>1.00</doclet-version-NOT-library-version>
    <class>
        <name>B4R::B4RMultiFuncShield</name>
        <shortname>MultiFuncShield</shortname>
        <comment>Library to control the Arduino MultiFunctionShield
Based upon this Library http://files.cohesivecomputing.co.uk/MultiFuncShield-Library.zip
Documentation used https://www.mpja.com/download/hackatronics-arduino-multi-function-shield.pdf
Libraries required:
TimerOne - https://github.com/PaulStoffregen/TimerOne
SoftwareI2C - http://playground.arduino.cc/Main/SoftwareI2CLibrary</comment>
        <event>ButtonPressed(Buttons as Byte)</event>
        <method>
            <name DesignerName="Initialize">Initialize</name>
            <comment>Initializes this instance, but interrupt based features are not available.</comment>
            <returntype>B4R::void</returntype>
        </method>
        <method>
            <name DesignerName="InitializeWithTimer">InitializeWithTimer</name>
            <comment>Initializes this instance using a TimerOne instance. A 1khz interrupt is attached.</comment>
            <returntype>B4R::void</returntype>
        </method>
        <method>
            <name DesignerName="InitializeWithTimerLooper">InitializeWithTimerLooper</name>
            <comment>Initializes this instance using a TimerOne instance and adds a looper. A 1khz interrupt is attached.
Recommend to use when possible a timer instead if the looper contains a delay.
The looper runs as fast as it cans depending board.</comment>
            <returntype>B4R::void</returntype>
            <parameter>
                <name>SubName</name>
                <type>SubVoidVoid</type>
            </parameter>
        </method>
        <method>
            <name DesignerName="SetTimer">SetTimer</name>
            <comment>Initiates a millisecond countdown timer.</comment>
            <returntype>B4R::void</returntype>
            <parameter>
                <name>thousandths</name>
                <type>ULong</type>
            </parameter>
        </method>
        <method>
            <name DesignerName="GetTimer">GetTimer</name>
            <comment>Gets the current value of the countdown timer.</comment>
            <returntype>ULong</returntype>
        </method>
        <method>
            <name DesignerName="Wait">Wait</name>
            <comment>Initiates and waits for millisecond countdown timer to reach 0.</comment>
            <returntype>B4R::void</returntype>
            <parameter>
                <name>thousandths</name>
                <type>ULong</type>
            </parameter>
        </method>
        <method>
            <name DesignerName="WriteString">WriteString</name>
            <comment>Write a max 4 character string to the LED digit display. Rightjustify: 0 | 1.
Example:&lt;code&gt;
WriteString("Hi",1)
&lt;/code&gt;</comment>
            <returntype>B4R::void</returntype>
            <parameter>
                <name>string</name>
                <type>B4R::B4RString*</type>
            </parameter>
            <parameter>
                <name>rightJustify</name>
                <type>Byte</type>
            </parameter>
        </method>
        <method>
            <name DesignerName="WriteInt">WriteInt</name>
            <comment>Write an integer to the LED digit display.
Example:&lt;code&gt;
WriteInt(1958)
&lt;/code&gt;</comment>
            <returntype>B4R::void</returntype>
            <parameter>
                <name>integer</name>
                <type>Int</type>
            </parameter>
        </method>
        <method>
            <name DesignerName="WriteDouble">WriteDouble</name>
            <comment>Write a double (float) to the LED digit display.
Example:&lt;code&gt;
WriteDouble(19.58,2)
&lt;/code&gt;</comment>
            <returntype>B4R::void</returntype>
            <parameter>
                <name>number</name>
                <type>Double</type>
            </parameter>
            <parameter>
                <name>decimalPlaces</name>
                <type>Byte</type>
            </parameter>
        </method>
        <method>
            <name DesignerName="ManualDisplayRefresh">ManualDisplayRefresh</name>
            <comment>Manually refreshes the Led digit display.
IMPORTANT: Not to be used whilst interrupt based features are available.</comment>
            <returntype>B4R::void</returntype>
        </method>
        <method>
            <name DesignerName="BlinkDisplay">BlinkDisplay</name>
            <comment>Blinks digits on the LED digit display.
digits - use bitwise or, e.g. DIGIT_1 | DIGIT_2
enabled - turns on/off the blinking
Example (Private mfs As MultiFuncShield):&lt;code&gt;
BlinkDisplay(mfs.DIGIT_ALL, mfs.ON))
BlinkDisplay(Bit.Or(mfs.DIGIT_3, mfs.DIGIT_4), mfs.ON)
&lt;/code&gt;</comment>
            <returntype>B4R::void</returntype>
            <parameter>
                <name>digits</name>
                <type>Byte</type>
            </parameter>
            <parameter>
                <name>enabled</name>
                <type>Byte</type>
            </parameter>
        </method>
        <method>
            <name DesignerName="WriteLeds">WriteLeds</name>
            <comment>Turns LEDs on or off.
leds - use bitwise or, e.g. LED_1 | LED_2
lit- ON or OFF
Example (Private mfs As MultiFuncShield):&lt;code&gt;
WriteLeds(Bit.Or(mfs.LED_1, mfs.LED_2), mfs.ON)
WriteLeds(mfs.LED_ALL, mfs.OFF)
&lt;/code&gt;</comment>
            <returntype>B4R::void</returntype>
            <parameter>
                <name>leds</name>
                <type>Byte</type>
            </parameter>
            <parameter>
                <name>lit</name>
                <type>Byte</type>
            </parameter>
        </method>
        <method>
            <name DesignerName="BlinkLeds">BlinkLeds</name>
            <comment>Blinks the LEDs.
leds - use bitwise or, e.g. LED_1 | LED_2
enabled - ON or OFF
Example (Private mfs As MultiFuncShield):&lt;code&gt;
BlinkLeds(Bit.Or(mfs.LED_1, mfs.LED_2), mfs.ON)
&lt;/code&gt;</comment>
            <returntype>B4R::void</returntype>
            <parameter>
                <name>leds</name>
                <type>Byte</type>
            </parameter>
            <parameter>
                <name>enabled</name>
                <type>Byte</type>
            </parameter>
        </method>
        <method>
            <name DesignerName="Beep">Beep</name>
            <comment>Engage the beeper, which is managed in the background. Period timing is in 100th of second
onPeriod - beep for nn milliseconds (e.g. 20)
offPeriod - silent for nn milliseconds (e.g. 0)
cycle - repeat above cycle n times (e.g. 1)
loopCycles - loop n times (0=indefinitely) (e.g. 3)
loopDelayPeriod - wait nn milliseconds between Loop (e.g. 50)
Example (Private mfs As MultiFuncShield):&lt;code&gt;
'Beep one time for 10ms
Beep(1,0,1,1,0)
&lt;/code&gt;</comment>
            <returntype>B4R::void</returntype>
            <parameter>
                <name>onPeriod</name>
                <type>UInt</type>
            </parameter>
            <parameter>
                <name>offPeriod</name>
                <type>UInt</type>
            </parameter>
            <parameter>
                <name>cycles</name>
                <type>Byte</type>
            </parameter>
            <parameter>
                <name>loopCycles</name>
                <type>UInt</type>
            </parameter>
            <parameter>
                <name>loopDelayPeriod</name>
                <type>UInt</type>
            </parameter>
        </method>
        <method>
            <name DesignerName="SetBeepOffPeriod">SetBeepOffPeriod</name>
            <comment>Use this to set the off period whilst the beeper is engaged
Example (Private mfs As MultiFuncShield):&lt;code&gt;
SetBeepOffPeriod(1000)
&lt;/code&gt;</comment>
            <returntype>B4R::void</returntype>
            <parameter>
                <name>offPeriod</name>
                <type>UInt</type>
            </parameter>
        </method>
        <method>
            <name DesignerName="QueueButton">QueueButton</name>
            <comment>Queues a button action to the button queue, e.g BUTTON_1_PRESSED
~hide</comment>
            <returntype>B4R::void</returntype>
            <parameter>
                <name>button</name>
                <type>Byte</type>
            </parameter>
        </method>
        <method>
            <name DesignerName="ManualButtonHandler">ManualButtonHandler</name>
            <comment>Queues button short press and release actions. Long button presses are not supported, and long releases are reported as short releases.
Should not be used whilst interrupt based features are available.</comment>
            <returntype>B4R::void</returntype>
        </method>
        <method>
            <name DesignerName="AddButtonListener">AddButtonListener</name>
            <comment>Adds a button listener.
Example (Private mfs As MultiFuncShield):&lt;code&gt;
'Add the buttonlistener
AddButtonListener("mfs_ButtonPressed")

Private Sub mfs_ButtonPressed(btn As Byte)
	Select btn
		Case mfs.BUTTON_1_PRESSED
			'Action
		Case mfs.BUTTON_2_PRESSED
			'Action
	End Select
End Sub
&lt;/code&gt;</comment>
            <returntype>B4R::void</returntype>
            <parameter>
                <name>ButtonPressedSub</name>
                <type>SubVoidByte</type>
            </parameter>
        </method>
        <method>
            <name DesignerName="InitPulseInCounter">InitPulseInCounter</name>
            <comment>Initializes the pulse counter. Used for counting pulses applied to an input pin. Max pulse frequency 500hz.
Byte pin - input pin. e.g. BUTTON_1_PIN
UInt timeOut - number of milliseconds to wait for a pulse, before resetting pulse in period to 0. e.g. 3000
Byte trigger - trigger counter on either rising or falling edge. e.g. LOW
Example (Private mfs As MultiFuncShield):&lt;code&gt;
'Button 1 = generate pulses
'1500 = number of milliseconds waiting for a pulse, before resetting pulse in period to 0.
'LOW =  trigger pulse on LOW input.
InitPulseInCounter(mfs.BUTTON_1_PIN, 1500, mfs.LOW)
&lt;/code&gt;</comment>
            <returntype>B4R::void</returntype>
            <parameter>
                <name>pin</name>
                <type>Byte</type>
            </parameter>
            <parameter>
                <name>timeOut</name>
                <type>UInt</type>
            </parameter>
            <parameter>
                <name>trigger</name>
                <type>Byte</type>
            </parameter>
        </method>
        <method>
            <name DesignerName="DisablePulseInCounter">DisablePulseInCounter</name>
            <comment>Disable the pulse counter.</comment>
            <returntype>B4R::void</returntype>
        </method>
        <method>
            <name DesignerName="GetPulseInPeriod">GetPulseInPeriod</name>
            <comment>Gets the period of the most recent pulse (in milliseconds).</comment>
            <returntype>UInt</returntype>
        </method>
        <method>
            <name DesignerName="GetPulseInTotalCount">GetPulseInTotalCount</name>
            <comment>Gets the total number pulses counted.</comment>
            <returntype>ULong</returntype>
        </method>
        <method>
            <name DesignerName="ResetPulseInTotalCount">ResetPulseInTotalCount</name>
            <comment>Resets the pulse counter to 0.</comment>
            <returntype>B4R::void</returntype>
        </method>
        <method>
            <name DesignerName="SetPulseInTimeOut">SetPulseInTimeOut</name>
            <comment>Sets the pulse in timeout, which is the number of milliseconds to wait for a pulse, before resetting pulse in period to 0.</comment>
            <returntype>B4R::void</returntype>
            <parameter>
                <name>timeOut</name>
                <type>UInt</type>
            </parameter>
        </method>
        <method>
            <name DesignerName="InitSonar">InitSonar</name>
            <comment>Initializes the sonar reading feature. Needs HC-SR04 sonar module.
level - level 0=none, 1=moderate, 2=strong.
Example (Private mfs As MultiFuncShield):&lt;code&gt;
Private TriggerPinNr As Int = 5
Private EchoPinNr As Int = 6
Private TriggerPin As Pin
Private EchoPin As Pin

TriggerPin.Initialize(TriggerPinNr,TriggerPin.MODE_OUTPUT)
EchoPin.Initialize(EchoPinNr,EchoPin.MODE_INPUT)
EchoPin.DigitalWrite(False)

InitSonar(mfs.SMOOTHING_STRONG)
&lt;/code&gt;</comment>
            <returntype>B4R::void</returntype>
            <parameter>
                <name>level</name>
                <type>Byte</type>
            </parameter>
        </method>
        <method>
            <name DesignerName="GetSonarDataCm">GetSonarDataCm</name>
            <comment>Gets the distance measured in centimeters, using HC-SR04 sonar module.
Example (Private mfs As MultiFuncShield):&lt;code&gt;
InitSonar(mfs.SMOOTHING_STRONG)
GetSonarDataCm(TriggerPinNr, EchoPinNr)
&lt;/code&gt;</comment>
            <returntype>UInt</returntype>
            <parameter>
                <name>triggerPin</name>
                <type>Byte</type>
            </parameter>
            <parameter>
                <name>echoPin</name>
                <type>Byte</type>
            </parameter>
        </method>
        <method>
            <name DesignerName="InitLM35">InitLM35</name>
            <comment>Initializes temperature reading feature. Needs LM35 sensor. Must remove jumper J1 from shield.
level - level 0=none, 1=moderate, 2=strong.
Example (Private mfs As MultiFuncShield):&lt;code&gt;
InitLM35(mfs.SMOOTHING_MODERATE)
&lt;/code&gt;</comment>
            <returntype>B4R::void</returntype>
            <parameter>
                <name>level</name>
                <type>Byte</type>
            </parameter>
        </method>
        <method>
            <name DesignerName="GetLM35Data">GetLM35Data</name>
            <comment>Gets the temperature reading in 1 tenths of a centigrade.
Example (Private mfs As MultiFuncShield):&lt;code&gt;
Dim t As Double = mfs.GetLM35Data()
mfs.WriteDouble(t / 10, 1)
&lt;/code&gt;</comment>
            <returntype>Int</returntype>
        </method>
        <field>
            <name DefineMethod="true" DesignerName="HIGH">B4RMultiFuncShield_HIGH</name>
            <comment>HIGH from Arduino.h = 0x1, 0x0</comment>
            <returntype>Byte</returntype>
        </field>
        <field>
            <name DefineMethod="true" DesignerName="LOW">B4RMultiFuncShield_LOW</name>
            <comment>LOW from Arduino.h = 0x0</comment>
            <returntype>Byte</returntype>
        </field>
        <field>
            <name DefineMethod="true" DesignerName="ON">B4RMultiFuncShield_ON</name>
            <comment>***
 Defines from MultiFuncShield.h
***</comment>
            <returntype>Byte</returntype>
        </field>
        <field>
            <name DefineMethod="true" DesignerName="OFF">B4RMultiFuncShield_OFF</name>
            <returntype>Byte</returntype>
        </field>
        <field>
            <name DefineMethod="true" DesignerName="LED_1_PIN">B4RMultiFuncShield_LED_1_PIN</name>
            <returntype>Byte</returntype>
        </field>
        <field>
            <name DefineMethod="true" DesignerName="LED_2_PIN">B4RMultiFuncShield_LED_2_PIN</name>
            <returntype>Byte</returntype>
        </field>
        <field>
            <name DefineMethod="true" DesignerName="LED_3_PIN">B4RMultiFuncShield_LED_3_PIN</name>
            <returntype>Byte</returntype>
        </field>
        <field>
            <name DefineMethod="true" DesignerName="LED_4_PIN">B4RMultiFuncShield_LED_4_PIN</name>
            <returntype>Byte</returntype>
        </field>
        <field>
            <name DefineMethod="true" DesignerName="POT_PIN">B4RMultiFuncShield_POT_PIN</name>
            <returntype>Byte</returntype>
        </field>
        <field>
            <name DefineMethod="true" DesignerName="BEEPER_PIN">B4RMultiFuncShield_BEEPER_PIN</name>
            <returntype>Byte</returntype>
        </field>
        <field>
            <name DefineMethod="true" DesignerName="BUTTON_1_PIN">B4RMultiFuncShield_BUTTON_1_PIN</name>
            <returntype>Byte</returntype>
        </field>
        <field>
            <name DefineMethod="true" DesignerName="BUTTON_2_PIN">B4RMultiFuncShield_BUTTON_2_PIN</name>
            <returntype>Byte</returntype>
        </field>
        <field>
            <name DefineMethod="true" DesignerName="BUTTON_3_PIN">B4RMultiFuncShield_BUTTON_3_PIN</name>
            <returntype>Byte</returntype>
        </field>
        <field>
            <name DefineMethod="true" DesignerName="LATCH_PIN">B4RMultiFuncShield_LATCH_PIN</name>
            <returntype>Byte</returntype>
        </field>
        <field>
            <name DefineMethod="true" DesignerName="CLK_PIN">B4RMultiFuncShield_CLK_PIN</name>
            <returntype>Byte</returntype>
        </field>
        <field>
            <name DefineMethod="true" DesignerName="DATA_PIN">B4RMultiFuncShield_DATA_PIN</name>
            <returntype>Byte</returntype>
        </field>
        <field>
            <name DefineMethod="true" DesignerName="LM35_PIN">B4RMultiFuncShield_LM35_PIN</name>
            <returntype>Byte</returntype>
        </field>
        <field>
            <name DefineMethod="true" DesignerName="DIGIT_1">B4RMultiFuncShield_DIGIT_1</name>
            <returntype>Byte</returntype>
        </field>
        <field>
            <name DefineMethod="true" DesignerName="DIGIT_2">B4RMultiFuncShield_DIGIT_2</name>
            <returntype>Byte</returntype>
        </field>
        <field>
            <name DefineMethod="true" DesignerName="DIGIT_3">B4RMultiFuncShield_DIGIT_3</name>
            <returntype>Byte</returntype>
        </field>
        <field>
            <name DefineMethod="true" DesignerName="DIGIT_4">B4RMultiFuncShield_DIGIT_4</name>
            <returntype>Byte</returntype>
        </field>
        <field>
            <name DefineMethod="true" DesignerName="DIGIT_ALL">B4RMultiFuncShield_DIGIT_ALL</name>
            <returntype>Byte</returntype>
        </field>
        <field>
            <name DefineMethod="true" DesignerName="LED_1">B4RMultiFuncShield_LED_1</name>
            <returntype>Byte</returntype>
        </field>
        <field>
            <name DefineMethod="true" DesignerName="LED_2">B4RMultiFuncShield_LED_2</name>
            <returntype>Byte</returntype>
        </field>
        <field>
            <name DefineMethod="true" DesignerName="LED_3">B4RMultiFuncShield_LED_3</name>
            <returntype>Byte</returntype>
        </field>
        <field>
            <name DefineMethod="true" DesignerName="LED_4">B4RMultiFuncShield_LED_4</name>
            <returntype>Byte</returntype>
        </field>
        <field>
            <name DefineMethod="true" DesignerName="LED_ALL">B4RMultiFuncShield_LED_ALL</name>
            <returntype>Byte</returntype>
        </field>
        <field>
            <name DefineMethod="true" DesignerName="BUTTON_PRESSED_IND">B4RMultiFuncShield_BUTTON_PRESSED_IND</name>
            <returntype>Byte</returntype>
        </field>
        <field>
            <name DefineMethod="true" DesignerName="BUTTON_SHORT_RELEASE_IND">B4RMultiFuncShield_BUTTON_SHORT_RELEASE_IND</name>
            <returntype>Byte</returntype>
        </field>
        <field>
            <name DefineMethod="true" DesignerName="BUTTON_LONG_PRESSED_IND">B4RMultiFuncShield_BUTTON_LONG_PRESSED_IND</name>
            <returntype>Byte</returntype>
        </field>
        <field>
            <name DefineMethod="true" DesignerName="BUTTON_LONG_RELEASE_IND">B4RMultiFuncShield_BUTTON_LONG_RELEASE_IND</name>
            <returntype>Byte</returntype>
        </field>
        <field>
            <name DefineMethod="true" DesignerName="BUTTON_1_PRESSED">B4RMultiFuncShield_BUTTON_1_PRESSED</name>
            <returntype>Byte</returntype>
        </field>
        <field>
            <name DefineMethod="true" DesignerName="BUTTON_1_SHORT_RELEASE">B4RMultiFuncShield_BUTTON_1_SHORT_RELEASE</name>
            <returntype>Byte</returntype>
        </field>
        <field>
            <name DefineMethod="true" DesignerName="BUTTON_1_LONG_PRESSED">B4RMultiFuncShield_BUTTON_1_LONG_PRESSED</name>
            <returntype>Byte</returntype>
        </field>
        <field>
            <name DefineMethod="true" DesignerName="BUTTON_1_LONG_RELEASE">B4RMultiFuncShield_BUTTON_1_LONG_RELEASE</name>
            <returntype>Byte</returntype>
        </field>
        <field>
            <name DefineMethod="true" DesignerName="BUTTON_2_PRESSED">B4RMultiFuncShield_BUTTON_2_PRESSED</name>
            <returntype>Byte</returntype>
        </field>
        <field>
            <name DefineMethod="true" DesignerName="BUTTON_2_SHORT_RELEASE">B4RMultiFuncShield_BUTTON_2_SHORT_RELEASE</name>
            <returntype>Byte</returntype>
        </field>
        <field>
            <name DefineMethod="true" DesignerName="BUTTON_2_LONG_PRESSED">B4RMultiFuncShield_BUTTON_2_LONG_PRESSED</name>
            <returntype>Byte</returntype>
        </field>
        <field>
            <name DefineMethod="true" DesignerName="BUTTON_2_LONG_RELEASE">B4RMultiFuncShield_BUTTON_2_LONG_RELEASE</name>
            <returntype>Byte</returntype>
        </field>
        <field>
            <name DefineMethod="true" DesignerName="BUTTON_3_PRESSED">B4RMultiFuncShield_BUTTON_3_PRESSED</name>
            <returntype>Byte</returntype>
        </field>
        <field>
            <name DefineMethod="true" DesignerName="BUTTON_3_SHORT_RELEASE">B4RMultiFuncShield_BUTTON_3_SHORT_RELEASE</name>
            <returntype>Byte</returntype>
        </field>
        <field>
            <name DefineMethod="true" DesignerName="BUTTON_3_LONG_PRESSED">B4RMultiFuncShield_BUTTON_3_LONG_PRESSED</name>
            <returntype>Byte</returntype>
        </field>
        <field>
            <name DefineMethod="true" DesignerName="BUTTON_3_LONG_RELEASE">B4RMultiFuncShield_BUTTON_3_LONG_RELEASE</name>
            <returntype>Byte</returntype>
        </field>
        <field>
            <name DefineMethod="true" DesignerName="SMOOTHING_NONE">B4RMultiFuncShield_SMOOTHING_NONE</name>
            <returntype>Byte</returntype>
        </field>
        <field>
            <name DefineMethod="true" DesignerName="SMOOTHING_MODERATE">B4RMultiFuncShield_SMOOTHING_MODERATE</name>
            <returntype>Byte</returntype>
        </field>
        <field>
            <name DefineMethod="true" DesignerName="SMOOTHING_STRONG">B4RMultiFuncShield_SMOOTHING_STRONG</name>
            <returntype>Byte</returntype>
        </field>
    </class>
    <version>0.9</version>
    <author>Robert W.B. Linn</author>
</root>
