<?xml version="1.0" encoding="UTF-8" standalone="no"?>
<root>
    <doclet-version-NOT-library-version>1.00</doclet-version-NOT-library-version>
    <class>
        <name>B4R::B4RESPOLED1608</name>
        <shortname>ESPOLED1608</shortname>
        <comment>ESP OLED lib</comment>
        <method>
            <name DesignerName="Initialize">Initialize</name>
            <comment>Initialize the display with SDA and SCL pin using GPIO numbering.
The default address of an OLED display is 0x3c.
Example:&lt;code&gt;
Private oledDisplay As ESPOLED1608
Init the OLED display with gpio4 (D2,SDA), gpio5 (D1,SCL) and default address 0x3c
oledDisplay.Initialize(4,5,0x3c,0)
oledDisplay.Print("Hello World",1,1)
oledDisplay.Print("Enjoy B4R",4,1)
&lt;/code&gt;</comment>
            <returntype>B4R::void</returntype>
            <parameter>
                <name>sda</name>
                <type>int</type>
            </parameter>
            <parameter>
                <name>scl</name>
                <type>int</type>
            </parameter>
            <parameter>
                <name>address</name>
                <type>int</type>
            </parameter>
            <parameter>
                <name>offset</name>
                <type>int</type>
            </parameter>
        </method>
        <method>
            <name DesignerName="On">On</name>
            <comment>Turn the display ON</comment>
            <returntype>B4R::void</returntype>
        </method>
        <method>
            <name DesignerName="Off">Off</name>
            <comment>Turn the display OFF</comment>
            <returntype>B4R::void</returntype>
        </method>
        <method>
            <name DesignerName="Clear">Clear</name>
            <comment>Clear the display</comment>
            <returntype>B4R::void</returntype>
        </method>
        <method>
            <name DesignerName="Clearrow">Clearrow</name>
            <comment>Clear a row between 0 - 7</comment>
            <returntype>B4R::void</returntype>
            <parameter>
                <name>row</name>
                <type>int</type>
            </parameter>
        </method>
        <method>
            <name DesignerName="Print">Print</name>
            <comment>Print a string at row and col
Row: 0 - 7, Col: 0 - 15</comment>
            <returntype>B4R::void</returntype>
            <parameter>
                <name>str</name>
                <type>B4R::B4RString*</type>
            </parameter>
            <parameter>
                <name>row</name>
                <type>int</type>
            </parameter>
            <parameter>
                <name>col</name>
                <type>int</type>
            </parameter>
        </method>
    </class>
    <version>1.01</version>
    <author>Robert W.B. Linn</author>
</root>
