<?xml version="1.0" encoding="UTF-8" standalone="no"?>
<root>
    <doclet-version-NOT-library-version>1.00</doclet-version-NOT-library-version>
    <class>
        <name>B4R::B4RMPU6050_I2C</name>
        <shortname>MPU6050_I2C</shortname>
        <comment>Wrapper for &lt;link&gt;MPU6050 motion sensor|https://www.mpja.com/download/hackatronics-arduino-multi-function-shield.pdf&lt;/link&gt; Project.</comment>
        <property>
            <name>AccelScaleValue</name>
            <comment>Divide raw acceleration by this value to get reading in g.</comment>
            <returntype>Int</returntype>
        </property>
        <property>
            <name>GyroScaleValue</name>
            <comment>Divide raw gyro by this value to get degrees/second rotational velocity.</comment>
            <returntype>Double</returntype>
        </property>
        <property>
            <name>Accel_X_Raw</name>
            <returntype>Int</returntype>
        </property>
        <property>
            <name>Accel_Y_Raw</name>
            <returntype>Int</returntype>
        </property>
        <property>
            <name>Accel_Z_Raw</name>
            <returntype>Int</returntype>
        </property>
        <property>
            <name>Gyro_X_Raw</name>
            <returntype>Int</returntype>
        </property>
        <property>
            <name>Gyro_Y_Raw</name>
            <returntype>Int</returntype>
        </property>
        <property>
            <name>Gyro_Z_Raw</name>
            <returntype>Int</returntype>
        </property>
        <method>
            <name DesignerName="InitializeSoftI2C">InitializeSoftI2C</name>
            <comment>Init the sensor using software I2C.
Wiring: Multi Function Shield = Arduino Uno, Leonardo: SCL=pin5, SDA=pin6, Mega2560: SCL=pin5, SDA=A5.
Addr - Address, set low (0x68) or high (0x69).
AccelScale 0 - 3 with values 16384, 8192, 4096, 2048. Start with default 0.
GyroScale 0 - 3 with values 131.072, 65.536, 32.768, 16.384. Start with default 0.
Dlpf (digital low pass filter). Start with default 0.
Example:&lt;code&gt;
Dim mpu as MPU6050_I2C
InitializeSoftI2C(mpu.ADDRESS_AD0_LOW, 0,0,0)&lt;/code&gt;</comment>
            <returntype>B4R::void</returntype>
            <parameter>
                <name>addr</name>
                <type>Byte</type>
            </parameter>
            <parameter>
                <name>AccelScale</name>
                <type>Byte</type>
            </parameter>
            <parameter>
                <name>GyroScale</name>
                <type>Byte</type>
            </parameter>
            <parameter>
                <name>Dlpf</name>
                <type>Byte</type>
            </parameter>
        </method>
        <method>
            <name DesignerName="InitializeHardI2C">InitializeHardI2C</name>
            <comment>Init the sensor using hardware I2C.</comment>
            <returntype>B4R::void</returntype>
            <parameter>
                <name>addr</name>
                <type>Byte</type>
            </parameter>
            <parameter>
                <name>AccelScale</name>
                <type>Byte</type>
            </parameter>
            <parameter>
                <name>GyroScale</name>
                <type>Byte</type>
            </parameter>
            <parameter>
                <name>Dlpf</name>
                <type>Byte</type>
            </parameter>
        </method>
        <method>
            <name DesignerName="GetAccelRaw">GetAccelRaw</name>
            <comment>Get raw acceleration values. Call this function prior reading the values Accel_X_Raw, Accel_Y_Raw, Accel_Z_Raw.</comment>
            <returntype>B4R::void</returntype>
        </method>
        <method>
            <name DesignerName="GetGyroRaw">GetGyroRaw</name>
            <comment>Get raw gyro values. Call this function prior reading the values Gyro_X_Raw, Gyro_Y_Raw, Gyro_Z_Raw.</comment>
            <returntype>B4R::void</returntype>
        </method>
        <method>
            <name DesignerName="GetTemp10th">GetTemp10th</name>
            <comment>Get temperature in 10th degrees celsius.</comment>
            <returntype>Int</returntype>
        </method>
        <field>
            <name DefineMethod="true" DesignerName="ADDRESS_AD0_LOW">B4RMPU6050_I2C_ADDRESS_AD0_LOW</name>
            <comment>Address pin low (GND), default for the InvenSense evaluation board</comment>
            <returntype>Byte</returntype>
        </field>
        <field>
            <name DefineMethod="true" DesignerName="ADDRESS_AD0_HIGH">B4RMPU6050_I2C_ADDRESS_AD0_HIGH</name>
            <returntype>Byte</returntype>
        </field>
    </class>
    <version>1</version>
    <author>Robert W.B. Linn</author>
</root>
