<?xml version="1.0" encoding="UTF-8" standalone="no"?>
<root>
    <doclet-version-NOT-library-version>1.00</doclet-version-NOT-library-version>
    <class>
        <name>B4R::B4RLOVYANGFXEX</name>
        <shortname>LovyanGFXEx</shortname>
        <comment>Callback touch event</comment>
        <event>Touch (x As ULong, y As ULong)</event>
        <property>
            <name>DisplayRotation</name>
            <comment>Set display rotation 4 directions 0-3.
Default 0.
For the ESP32_2432S028:
0=vertical (power supply top right),1=horizontal (power supply top left),
2=vertical (power supply bottom left), 3=horizontal (power supply bottom right).
(rotations 4 to 7, image will be mirrored.)
rotation - Byte 0 - 3</comment>
            <returntype>Byte</returntype>
            <parameter>
                <name>direction</name>
                <type>Byte</type>
            </parameter>
        </property>
        <property>
            <name>Brightness</name>
            <comment>Set or get the backlight brightness range 0-255.
brightness (Byte) - 0 (low) - 255 (high)</comment>
            <returntype>Byte</returntype>
            <parameter>
                <name>brightness</name>
                <type>Byte</type>
            </parameter>
        </property>
        <property>
            <name>BackgroundColor</name>
            <comment>Set or get the screen background color.</comment>
            <returntype>ULong</returntype>
            <parameter>
                <name>color</name>
                <type>ULong</type>
            </parameter>
        </property>
        <property>
            <name>Font</name>
            <comment>Set or get the font type.
The font size is given at the end of the font name. Example FONT_ORBITRON_LIGHT_24 has size 24 px.
Recommend to set the font size in f.e. DrawText to 1 to use the font size set by the selected font.
Example:&lt;code&gt;
lcd.Font = lcd.FONT_ORBITRON_LIGHT_24
lcd.DrawText(lcd.Width/2, lcd.Height/2, Settings.MSG_WAITING, lcd.TEXT_ALIGN_MIDDLE_CENTER, 1, lcd.COLOR_BLACK, lcd.BackgroundColor)
lcd.Font = lcd.FONT_DEFAULT
&lt;/code&gt;</comment>
            <returntype>Byte</returntype>
            <parameter>
                <name>font</name>
                <type>Byte</type>
            </parameter>
        </property>
        <property>
            <name>RGBLEDRed</name>
            <comment>Set or get the value 0 (OFF) - 255 (ON) of the RED LED.</comment>
            <returntype>int</returntype>
            <parameter>
                <name>value</name>
                <type>int</type>
            </parameter>
        </property>
        <property>
            <name>RGBLEDGreen</name>
            <comment>Set or get the value 0 (OFF) - 255 (ON) of the GREEN LED.</comment>
            <returntype>int</returntype>
            <parameter>
                <name>value</name>
                <type>int</type>
            </parameter>
        </property>
        <property>
            <name>RGBLEDBlue</name>
            <comment>Set or get the value 0 (OFF) - 255 (ON) of the BLUE LED.</comment>
            <returntype>int</returntype>
            <parameter>
                <name>value</name>
                <type>int</type>
            </parameter>
        </property>
        <method>
            <name DesignerName="Initialize">Initialize</name>
            <comment>Initializes the object with optional touch event.
The display to use is defined by the preprocessor directive #DefineExtra: #define DISPLAY.
Set DISPLAY to: ESP32_2432S028 for the Sunton, ESP32_SSD1306 for the OLED SSD1306
TouchSub (SubVoidTouch) - Name of the touch event. Set NULL to disable touch.</comment>
            <returntype>B4R::void</returntype>
            <parameter>
                <name>TouchSub</name>
                <type>SubVoidTouch</type>
            </parameter>
        </method>
        <method>
            <name DesignerName="Clear">Clear</name>
            <comment>Clear the screen.</comment>
            <returntype>B4R::void</returntype>
        </method>
        <method>
            <name DesignerName="ClearSetColor">ClearSetColor</name>
            <comment>Clear the display and set background color.</comment>
            <returntype>B4R::void</returntype>
            <parameter>
                <name>color</name>
                <type>ULong</type>
            </parameter>
        </method>
        <method>
            <name DesignerName="ClearArea">ClearArea</name>
            <comment>Clear rect area of the display.</comment>
            <returntype>B4R::void</returntype>
            <parameter>
                <name>x</name>
                <type>Long</type>
            </parameter>
            <parameter>
                <name>y</name>
                <type>Long</type>
            </parameter>
            <parameter>
                <name>w</name>
                <type>Long</type>
            </parameter>
            <parameter>
                <name>h</name>
                <type>Long</type>
            </parameter>
            <parameter>
                <name>color</name>
                <type>ULong</type>
            </parameter>
        </method>
        <method>
            <name DesignerName="Height">Height</name>
            <comment>Get display height.</comment>
            <returntype>ULong</returntype>
        </method>
        <method>
            <name DesignerName="Width">Width</name>
            <comment>Get display width.</comment>
            <returntype>ULong</returntype>
        </method>
        <method>
            <name DesignerName="CenterX">CenterX</name>
            <comment>Get display center x position.</comment>
            <returntype>ULong</returntype>
        </method>
        <method>
            <name DesignerName="CenterY">CenterY</name>
            <comment>Get display center y position.</comment>
            <returntype>ULong</returntype>
        </method>
        <method>
            <name DesignerName="SetCursor">SetCursor</name>
            <comment>Set the cursor at x,y position.</comment>
            <returntype>B4R::void</returntype>
            <parameter>
                <name>x</name>
                <type>ULong</type>
            </parameter>
            <parameter>
                <name>y</name>
                <type>ULong</type>
            </parameter>
        </method>
        <method>
            <name DesignerName="FillScreen">FillScreen</name>
            <comment>Fill the screen with color, i.e. set background color.</comment>
            <returntype>B4R::void</returntype>
            <parameter>
                <name>color</name>
                <type>ULong</type>
            </parameter>
        </method>
        <method>
            <name DesignerName="SetTextColor">SetTextColor</name>
            <comment>Set the text color.
color - ULong, use constants TFT_color or ColorRGB(R,G,B)</comment>
            <returntype>B4R::void</returntype>
            <parameter>
                <name>color</name>
                <type>ULong</type>
            </parameter>
        </method>
        <method>
            <name DesignerName="SetTextSize">SetTextSize</name>
            <comment>Set the textsize with same value for x and y.
size - Double, size 1 is 8x8 px</comment>
            <returntype>B4R::void</returntype>
            <parameter>
                <name>size</name>
                <type>Double</type>
            </parameter>
        </method>
        <method>
            <name DesignerName="SetTextSizeXY">SetTextSizeXY</name>
            <comment>Set the textsize for x and y.
sx - Double, size 1 is 8 px
sy - Double, size 1 is 8 px</comment>
            <returntype>B4R::void</returntype>
            <parameter>
                <name>sx</name>
                <type>Double</type>
            </parameter>
            <parameter>
                <name>sy</name>
                <type>Double</type>
            </parameter>
        </method>
        <method>
            <name DesignerName="SetTextDatum">SetTextDatum</name>
            <comment>Set text datum.</comment>
            <returntype>B4R::void</returntype>
            <parameter>
                <name>datum</name>
                <type>Byte</type>
            </parameter>
        </method>
        <method>
            <name DesignerName="Print">Print</name>
            <comment>Print string at cursor position.</comment>
            <returntype>B4R::void</returntype>
            <parameter>
                <name>text</name>
                <type>B4R::B4RString*</type>
            </parameter>
        </method>
        <method>
            <name DesignerName="Println">Println</name>
            <comment>Print string with linebreak at cursor position.</comment>
            <returntype>B4R::void</returntype>
            <parameter>
                <name>text</name>
                <type>B4R::B4RString*</type>
            </parameter>
        </method>
        <method>
            <name DesignerName="DrawText">DrawText</name>
            <comment>Draw text at x,y position with text size, color and backgroundcolor (set to COLOR_DEFAULT to use previous color defined).</comment>
            <returntype>B4R::void</returntype>
            <parameter>
                <name>x</name>
                <type>ULong</type>
            </parameter>
            <parameter>
                <name>y</name>
                <type>ULong</type>
            </parameter>
            <parameter>
                <name>text</name>
                <type>B4R::B4RString*</type>
            </parameter>
            <parameter>
                <name>textAlignment</name>
                <type>Byte</type>
            </parameter>
            <parameter>
                <name>textSize</name>
                <type>double</type>
            </parameter>
            <parameter>
                <name>textColor</name>
                <type>ULong</type>
            </parameter>
            <parameter>
                <name>backgroundColor</name>
                <type>ULong</type>
            </parameter>
        </method>
        <method>
            <name DesignerName="DrawTextFont">DrawTextFont</name>
            <comment>Draw text at x,y position with text font size, color and backgroundcolor (set to COLOR_DEFAULT to use previous color defined).
The font is set to default after drawing the text.</comment>
            <returntype>B4R::void</returntype>
            <parameter>
                <name>x</name>
                <type>ULong</type>
            </parameter>
            <parameter>
                <name>y</name>
                <type>ULong</type>
            </parameter>
            <parameter>
                <name>text</name>
                <type>B4R::B4RString*</type>
            </parameter>
            <parameter>
                <name>textFont</name>
                <type>Byte</type>
            </parameter>
            <parameter>
                <name>textAlignment</name>
                <type>Byte</type>
            </parameter>
            <parameter>
                <name>textSize</name>
                <type>double</type>
            </parameter>
            <parameter>
                <name>textColor</name>
                <type>ULong</type>
            </parameter>
            <parameter>
                <name>backgroundColor</name>
                <type>ULong</type>
            </parameter>
        </method>
        <method>
            <name DesignerName="DrawString">DrawString</name>
            <comment>Draw text at x,y position with aligment left, actual font size and color.</comment>
            <returntype>B4R::void</returntype>
            <parameter>
                <name>text</name>
                <type>B4R::B4RString*</type>
            </parameter>
            <parameter>
                <name>x</name>
                <type>ULong</type>
            </parameter>
            <parameter>
                <name>y</name>
                <type>ULong</type>
            </parameter>
        </method>
        <method>
            <name DesignerName="DrawNumber">DrawNumber</name>
            <comment>Draw long number at x,y position with aligment left, actual font size and color.</comment>
            <returntype>B4R::void</returntype>
            <parameter>
                <name>value</name>
                <type>Long</type>
            </parameter>
            <parameter>
                <name>x</name>
                <type>ULong</type>
            </parameter>
            <parameter>
                <name>y</name>
                <type>ULong</type>
            </parameter>
        </method>
        <method>
            <name DesignerName="DrawFloat">DrawFloat</name>
            <comment>Draw float number with decimals at x,y position with aligment left, actual font size and color.</comment>
            <returntype>B4R::void</returntype>
            <parameter>
                <name>value</name>
                <type>float</type>
            </parameter>
            <parameter>
                <name>dp</name>
                <type>Byte</type>
            </parameter>
            <parameter>
                <name>x</name>
                <type>ULong</type>
            </parameter>
            <parameter>
                <name>y</name>
                <type>ULong</type>
            </parameter>
        </method>
        <method>
            <name DesignerName="DrawLeftString">DrawLeftString</name>
            <comment>Draw text at x,y position with aligment left, actual font size and color.</comment>
            <returntype>B4R::void</returntype>
            <parameter>
                <name>x</name>
                <type>ULong</type>
            </parameter>
            <parameter>
                <name>y</name>
                <type>ULong</type>
            </parameter>
            <parameter>
                <name>text</name>
                <type>B4R::B4RString*</type>
            </parameter>
        </method>
        <method>
            <name DesignerName="DrawCenterString">DrawCenterString</name>
            <comment>Draw text at x,y position with aligment center, actual font size and color.</comment>
            <returntype>B4R::void</returntype>
            <parameter>
                <name>x</name>
                <type>ULong</type>
            </parameter>
            <parameter>
                <name>y</name>
                <type>ULong</type>
            </parameter>
            <parameter>
                <name>text</name>
                <type>B4R::B4RString*</type>
            </parameter>
        </method>
        <method>
            <name DesignerName="DrawRightString">DrawRightString</name>
            <comment>Draw text at x,y position with alignment right, actual font size and color.</comment>
            <returntype>B4R::void</returntype>
            <parameter>
                <name>x</name>
                <type>ULong</type>
            </parameter>
            <parameter>
                <name>y</name>
                <type>ULong</type>
            </parameter>
            <parameter>
                <name>text</name>
                <type>B4R::B4RString*</type>
            </parameter>
        </method>
        <method>
            <name DesignerName="TextLength">TextLength</name>
            <comment>Get the text number of characters.</comment>
            <returntype>UInt</returntype>
            <parameter>
                <name>text</name>
                <type>B4R::B4RString*</type>
            </parameter>
        </method>
        <method>
            <name DesignerName="TextWidth">TextWidth</name>
            <comment>Get the text width in px for the selected font.</comment>
            <returntype>UInt</returntype>
            <parameter>
                <name>text</name>
                <type>B4R::B4RString*</type>
            </parameter>
        </method>
        <method>
            <name DesignerName="TextWidthDefault">TextWidthDefault</name>
            <comment>Get the text width in px for the default font 8x8.</comment>
            <returntype>UInt</returntype>
            <parameter>
                <name>text</name>
                <type>B4R::B4RString*</type>
            </parameter>
            <parameter>
                <name>textSize</name>
                <type>double</type>
            </parameter>
        </method>
        <method>
            <name DesignerName="TextHeight">TextHeight</name>
            <comment>Get the text height in px.</comment>
            <returntype>UInt</returntype>
            <parameter>
                <name>textSize</name>
                <type>double</type>
            </parameter>
        </method>
        <method>
            <name DesignerName="FontHeight">FontHeight</name>
            <comment>Get the font height for the current font in px.
The font is set like lcd.Font = lcd.FONT_FONT2.
When using fontsize &gt; 1 then multiply with fontsize.</comment>
            <returntype>Long</returntype>
        </method>
        <method>
            <name DesignerName="FontWidth">FontWidth</name>
            <comment>Get the font width for the current font in px.
When using fontsize &gt; 1 then multiply with fontsize.</comment>
            <returntype>Long</returntype>
        </method>
        <method>
            <name DesignerName="FontHeightY">FontHeightY</name>
            <comment>Get font heigth in px using the textsize y.
font - (Byte) size of the font 1,2,3...</comment>
            <returntype>ULong</returntype>
            <parameter>
                <name>font</name>
                <type>Byte</type>
            </parameter>
        </method>
        <method>
            <name DesignerName="FontWidthX">FontWidthX</name>
            <comment>Get font width in px using the textsize x.
font - (Byte) size of the font 1,2,3...</comment>
            <returntype>ULong</returntype>
            <parameter>
                <name>font</name>
                <type>Byte</type>
            </parameter>
        </method>
        <method>
            <name DesignerName="GetTextSize">GetTextSize</name>
            <comment>Get for the current font the width (px), height (px), length (number of characters n).
Return bytearray 0=width, 1=height, 2=length</comment>
            <returntype>Byte[]</returntype>
            <parameter>
                <name>text</name>
                <type>B4R::B4RString*</type>
            </parameter>
            <parameter>
                <name>font</name>
                <type>Byte</type>
            </parameter>
        </method>
        <method>
            <name DesignerName="SetColorDepth">SetColorDepth</name>
            <comment>Set color mode.
bits 16 - RGB565 Faster, red and blue tones are 5 bits.
bits 24 - RGB888 Slower, gradation expression is cleaner.
Note: bits 24 number colors displayed depends on hardware and may be 18 bits (RGB666).</comment>
            <returntype>B4R::void</returntype>
            <parameter>
                <name>bits</name>
                <type>int</type>
            </parameter>
        </method>
        <method>
            <name DesignerName="SetColor">SetColor</name>
            <comment>Set color using constant, like TFT_BLUE.
color - ULong</comment>
            <returntype>B4R::void</returntype>
            <parameter>
                <name>color</name>
                <type>ULong</type>
            </parameter>
        </method>
        <method>
            <name DesignerName="SetColorRGB">SetColorRGB</name>
            <comment>Set color using R-G-B.
r red
g green
b blue</comment>
            <returntype>B4R::void</returntype>
            <parameter>
                <name>r</name>
                <type>Byte</type>
            </parameter>
            <parameter>
                <name>g</name>
                <type>Byte</type>
            </parameter>
            <parameter>
                <name>b</name>
                <type>Byte</type>
            </parameter>
        </method>
        <method>
            <name DesignerName="Color332">Color332</name>
            <comment>Converts RGB information to 8-bit color code.
r red
g green
b blue
return 8-bit color code</comment>
            <returntype>Byte</returntype>
            <parameter>
                <name>r</name>
                <type>Byte</type>
            </parameter>
            <parameter>
                <name>g</name>
                <type>Byte</type>
            </parameter>
            <parameter>
                <name>b</name>
                <type>Byte</type>
            </parameter>
        </method>
        <method>
            <name DesignerName="Color565">Color565</name>
            <comment>Converts RGB information to 16-bit color code.
r red
g green
b blue
return 16-bit color code</comment>
            <returntype>UInt</returntype>
            <parameter>
                <name>r</name>
                <type>Byte</type>
            </parameter>
            <parameter>
                <name>g</name>
                <type>Byte</type>
            </parameter>
            <parameter>
                <name>b</name>
                <type>Byte</type>
            </parameter>
        </method>
        <method>
            <name DesignerName="Color888">Color888</name>
            <comment>Converts RGB information to 24-bit color code.
This function is recommended.
r red
g green
b blue
return 24-bit color code</comment>
            <returntype>ULong</returntype>
            <parameter>
                <name>r</name>
                <type>Byte</type>
            </parameter>
            <parameter>
                <name>g</name>
                <type>Byte</type>
            </parameter>
            <parameter>
                <name>b</name>
                <type>Byte</type>
            </parameter>
        </method>
        <method>
            <name DesignerName="ColorRGB">ColorRGB</name>
            <comment>Converts RGB information to 24-bit color code.
This function is recommended.
r red
g green
b blue
return 24-bit color code</comment>
            <returntype>ULong</returntype>
            <parameter>
                <name>r</name>
                <type>Byte</type>
            </parameter>
            <parameter>
                <name>g</name>
                <type>Byte</type>
            </parameter>
            <parameter>
                <name>b</name>
                <type>Byte</type>
            </parameter>
        </method>
        <method>
            <name DesignerName="Color16to24">Color16to24</name>
            <comment>Convert 16-bit (565) to 24-bit (888) color code.</comment>
            <returntype>ULong</returntype>
            <parameter>
                <name>rgb565</name>
                <type>ULong</type>
            </parameter>
        </method>
        <method>
            <name DesignerName="BeginTransaction">BeginTransaction</name>
            <comment>Secure SPI bus.</comment>
            <returntype>B4R::void</returntype>
        </method>
        <method>
            <name DesignerName="EndTransaction">EndTransaction</name>
            <comment>Release SPI bus.</comment>
            <returntype>B4R::void</returntype>
        </method>
        <method>
            <name DesignerName="StartWrite">StartWrite</name>
            <comment>In case drawing speed is important, use startWrite and endWrite before and after the drawing process.
transaction (boolean) - If true, transaction processing is performed.</comment>
            <returntype>B4R::void</returntype>
            <parameter>
                <name>transaction</name>
                <type>bool</type>
            </parameter>
        </method>
        <method>
            <name DesignerName="EndWrite">EndWrite</name>
            <comment>In case drawing speed is important, use startWrite and endWrite before and after the drawing process.</comment>
            <returntype>B4R::void</returntype>
        </method>
        <method>
            <name DesignerName="DrawPixel">DrawPixel</name>
            <comment>Draw pixel with size 1x1.</comment>
            <returntype>B4R::void</returntype>
            <parameter>
                <name>x</name>
                <type>Long</type>
            </parameter>
            <parameter>
                <name>y</name>
                <type>Long</type>
            </parameter>
            <parameter>
                <name>color</name>
                <type>ULong</type>
            </parameter>
        </method>
        <method>
            <name DesignerName="DrawPixelSize">DrawPixelSize</name>
            <comment>Draw pixel with size, like 4x4, 8x8 etc.</comment>
            <returntype>B4R::void</returntype>
            <parameter>
                <name>x</name>
                <type>Long</type>
            </parameter>
            <parameter>
                <name>y</name>
                <type>Long</type>
            </parameter>
            <parameter>
                <name>size</name>
                <type>UInt</type>
            </parameter>
            <parameter>
                <name>color</name>
                <type>ULong</type>
            </parameter>
        </method>
        <method>
            <name DesignerName="DrawPixel4">DrawPixel4</name>
            <comment>Draw pixel with size 4x4.</comment>
            <returntype>B4R::void</returntype>
            <parameter>
                <name>x</name>
                <type>Long</type>
            </parameter>
            <parameter>
                <name>y</name>
                <type>Long</type>
            </parameter>
            <parameter>
                <name>color</name>
                <type>ULong</type>
            </parameter>
        </method>
        <method>
            <name DesignerName="DrawPixel8">DrawPixel8</name>
            <comment>Draw pixel with size 8x8.</comment>
            <returntype>B4R::void</returntype>
            <parameter>
                <name>x</name>
                <type>Long</type>
            </parameter>
            <parameter>
                <name>y</name>
                <type>Long</type>
            </parameter>
            <parameter>
                <name>color</name>
                <type>ULong</type>
            </parameter>
        </method>
        <method>
            <name DesignerName="DrawPixel16">DrawPixel16</name>
            <comment>Draw pixel with size 16x16.</comment>
            <returntype>B4R::void</returntype>
            <parameter>
                <name>x</name>
                <type>Long</type>
            </parameter>
            <parameter>
                <name>y</name>
                <type>Long</type>
            </parameter>
            <parameter>
                <name>color</name>
                <type>ULong</type>
            </parameter>
        </method>
        <method>
            <name DesignerName="DrawFastVLine">DrawFastVLine</name>
            <returntype>B4R::void</returntype>
            <parameter>
                <name>x</name>
                <type>Long</type>
            </parameter>
            <parameter>
                <name>y</name>
                <type>Long</type>
            </parameter>
            <parameter>
                <name>h</name>
                <type>Long</type>
            </parameter>
            <parameter>
                <name>color</name>
                <type>ULong</type>
            </parameter>
        </method>
        <method>
            <name DesignerName="DrawFastHLine">DrawFastHLine</name>
            <returntype>B4R::void</returntype>
            <parameter>
                <name>x</name>
                <type>Long</type>
            </parameter>
            <parameter>
                <name>y</name>
                <type>Long</type>
            </parameter>
            <parameter>
                <name>w</name>
                <type>Long</type>
            </parameter>
            <parameter>
                <name>color</name>
                <type>ULong</type>
            </parameter>
        </method>
        <method>
            <name DesignerName="DrawRect">DrawRect</name>
            <returntype>B4R::void</returntype>
            <parameter>
                <name>x</name>
                <type>Long</type>
            </parameter>
            <parameter>
                <name>y</name>
                <type>Long</type>
            </parameter>
            <parameter>
                <name>w</name>
                <type>Long</type>
            </parameter>
            <parameter>
                <name>h</name>
                <type>Long</type>
            </parameter>
            <parameter>
                <name>color</name>
                <type>ULong</type>
            </parameter>
        </method>
        <method>
            <name DesignerName="FillRect">FillRect</name>
            <returntype>B4R::void</returntype>
            <parameter>
                <name>x</name>
                <type>Long</type>
            </parameter>
            <parameter>
                <name>y</name>
                <type>Long</type>
            </parameter>
            <parameter>
                <name>w</name>
                <type>Long</type>
            </parameter>
            <parameter>
                <name>h</name>
                <type>Long</type>
            </parameter>
            <parameter>
                <name>color</name>
                <type>ULong</type>
            </parameter>
        </method>
        <method>
            <name DesignerName="DrawRoundRect">DrawRoundRect</name>
            <returntype>B4R::void</returntype>
            <parameter>
                <name>x</name>
                <type>Long</type>
            </parameter>
            <parameter>
                <name>y</name>
                <type>Long</type>
            </parameter>
            <parameter>
                <name>w</name>
                <type>Long</type>
            </parameter>
            <parameter>
                <name>h</name>
                <type>Long</type>
            </parameter>
            <parameter>
                <name>r</name>
                <type>Long</type>
            </parameter>
            <parameter>
                <name>color</name>
                <type>ULong</type>
            </parameter>
        </method>
        <method>
            <name DesignerName="FillRoundRect">FillRoundRect</name>
            <returntype>B4R::void</returntype>
            <parameter>
                <name>x</name>
                <type>Long</type>
            </parameter>
            <parameter>
                <name>y</name>
                <type>Long</type>
            </parameter>
            <parameter>
                <name>w</name>
                <type>Long</type>
            </parameter>
            <parameter>
                <name>h</name>
                <type>Long</type>
            </parameter>
            <parameter>
                <name>r</name>
                <type>Long</type>
            </parameter>
            <parameter>
                <name>color</name>
                <type>ULong</type>
            </parameter>
        </method>
        <method>
            <name DesignerName="DrawCircle">DrawCircle</name>
            <returntype>B4R::void</returntype>
            <parameter>
                <name>x</name>
                <type>Long</type>
            </parameter>
            <parameter>
                <name>y</name>
                <type>Long</type>
            </parameter>
            <parameter>
                <name>r</name>
                <type>Long</type>
            </parameter>
            <parameter>
                <name>color</name>
                <type>ULong</type>
            </parameter>
        </method>
        <method>
            <name DesignerName="FillCircle">FillCircle</name>
            <returntype>B4R::void</returntype>
            <parameter>
                <name>x</name>
                <type>Long</type>
            </parameter>
            <parameter>
                <name>y</name>
                <type>Long</type>
            </parameter>
            <parameter>
                <name>r</name>
                <type>Long</type>
            </parameter>
            <parameter>
                <name>color</name>
                <type>ULong</type>
            </parameter>
        </method>
        <method>
            <name DesignerName="DrawEllipse">DrawEllipse</name>
            <returntype>B4R::void</returntype>
            <parameter>
                <name>x</name>
                <type>Long</type>
            </parameter>
            <parameter>
                <name>y</name>
                <type>Long</type>
            </parameter>
            <parameter>
                <name>rx</name>
                <type>Long</type>
            </parameter>
            <parameter>
                <name>ry</name>
                <type>Long</type>
            </parameter>
            <parameter>
                <name>color</name>
                <type>ULong</type>
            </parameter>
        </method>
        <method>
            <name DesignerName="FillEllipse">FillEllipse</name>
            <returntype>B4R::void</returntype>
            <parameter>
                <name>x</name>
                <type>Long</type>
            </parameter>
            <parameter>
                <name>y</name>
                <type>Long</type>
            </parameter>
            <parameter>
                <name>rx</name>
                <type>Long</type>
            </parameter>
            <parameter>
                <name>ry</name>
                <type>Long</type>
            </parameter>
            <parameter>
                <name>color</name>
                <type>ULong</type>
            </parameter>
        </method>
        <method>
            <name DesignerName="DrawLine">DrawLine</name>
            <returntype>B4R::void</returntype>
            <parameter>
                <name>x0</name>
                <type>Long</type>
            </parameter>
            <parameter>
                <name>y0</name>
                <type>Long</type>
            </parameter>
            <parameter>
                <name>x1</name>
                <type>Long</type>
            </parameter>
            <parameter>
                <name>y1</name>
                <type>Long</type>
            </parameter>
            <parameter>
                <name>color</name>
                <type>ULong</type>
            </parameter>
        </method>
        <method>
            <name DesignerName="DrawGradientLine">DrawGradientLine</name>
            <returntype>B4R::void</returntype>
            <parameter>
                <name>x0</name>
                <type>Long</type>
            </parameter>
            <parameter>
                <name>y0</name>
                <type>Long</type>
            </parameter>
            <parameter>
                <name>x1</name>
                <type>Long</type>
            </parameter>
            <parameter>
                <name>y1</name>
                <type>Long</type>
            </parameter>
            <parameter>
                <name>colorstart</name>
                <type>ULong</type>
            </parameter>
            <parameter>
                <name>colorend</name>
                <type>ULong</type>
            </parameter>
        </method>
        <method>
            <name DesignerName="DrawWideLine">DrawWideLine</name>
            <returntype>B4R::void</returntype>
            <parameter>
                <name>x0</name>
                <type>Long</type>
            </parameter>
            <parameter>
                <name>y0</name>
                <type>Long</type>
            </parameter>
            <parameter>
                <name>x1</name>
                <type>Long</type>
            </parameter>
            <parameter>
                <name>y1</name>
                <type>Long</type>
            </parameter>
            <parameter>
                <name>r</name>
                <type>double</type>
            </parameter>
            <parameter>
                <name>color</name>
                <type>ULong</type>
            </parameter>
        </method>
        <method>
            <name DesignerName="DrawTriangle">DrawTriangle</name>
            <returntype>B4R::void</returntype>
            <parameter>
                <name>x0</name>
                <type>Long</type>
            </parameter>
            <parameter>
                <name>y0</name>
                <type>Long</type>
            </parameter>
            <parameter>
                <name>x1</name>
                <type>Long</type>
            </parameter>
            <parameter>
                <name>y1</name>
                <type>Long</type>
            </parameter>
            <parameter>
                <name>x2</name>
                <type>Long</type>
            </parameter>
            <parameter>
                <name>y2</name>
                <type>Long</type>
            </parameter>
            <parameter>
                <name>color</name>
                <type>ULong</type>
            </parameter>
        </method>
        <method>
            <name DesignerName="FillTriangle">FillTriangle</name>
            <returntype>B4R::void</returntype>
            <parameter>
                <name>x0</name>
                <type>Long</type>
            </parameter>
            <parameter>
                <name>y0</name>
                <type>Long</type>
            </parameter>
            <parameter>
                <name>x1</name>
                <type>Long</type>
            </parameter>
            <parameter>
                <name>y1</name>
                <type>Long</type>
            </parameter>
            <parameter>
                <name>x2</name>
                <type>Long</type>
            </parameter>
            <parameter>
                <name>y2</name>
                <type>Long</type>
            </parameter>
            <parameter>
                <name>color</name>
                <type>ULong</type>
            </parameter>
        </method>
        <method>
            <name DesignerName="DrawBezier3">DrawBezier3</name>
            <comment>3-point Bezier</comment>
            <returntype>B4R::void</returntype>
            <parameter>
                <name>x0</name>
                <type>Long</type>
            </parameter>
            <parameter>
                <name>y0</name>
                <type>Long</type>
            </parameter>
            <parameter>
                <name>x1</name>
                <type>Long</type>
            </parameter>
            <parameter>
                <name>y1</name>
                <type>Long</type>
            </parameter>
            <parameter>
                <name>x2</name>
                <type>Long</type>
            </parameter>
            <parameter>
                <name>y2</name>
                <type>Long</type>
            </parameter>
            <parameter>
                <name>color</name>
                <type>ULong</type>
            </parameter>
        </method>
        <method>
            <name DesignerName="DrawBezier4">DrawBezier4</name>
            <comment>4-point Bezier</comment>
            <returntype>B4R::void</returntype>
            <parameter>
                <name>x0</name>
                <type>Long</type>
            </parameter>
            <parameter>
                <name>y0</name>
                <type>Long</type>
            </parameter>
            <parameter>
                <name>x1</name>
                <type>Long</type>
            </parameter>
            <parameter>
                <name>y1</name>
                <type>Long</type>
            </parameter>
            <parameter>
                <name>x2</name>
                <type>Long</type>
            </parameter>
            <parameter>
                <name>y2</name>
                <type>Long</type>
            </parameter>
            <parameter>
                <name>x3</name>
                <type>Long</type>
            </parameter>
            <parameter>
                <name>y3</name>
                <type>Long</type>
            </parameter>
            <parameter>
                <name>color</name>
                <type>ULong</type>
            </parameter>
        </method>
        <method>
            <name DesignerName="DrawArc">DrawArc</name>
            <returntype>B4R::void</returntype>
            <parameter>
                <name>x</name>
                <type>Long</type>
            </parameter>
            <parameter>
                <name>y</name>
                <type>Long</type>
            </parameter>
            <parameter>
                <name>r0</name>
                <type>Long</type>
            </parameter>
            <parameter>
                <name>r1</name>
                <type>Long</type>
            </parameter>
            <parameter>
                <name>angle0</name>
                <type>Long</type>
            </parameter>
            <parameter>
                <name>angle1</name>
                <type>Long</type>
            </parameter>
            <parameter>
                <name>color</name>
                <type>ULong</type>
            </parameter>
        </method>
        <method>
            <name DesignerName="FillArc">FillArc</name>
            <returntype>B4R::void</returntype>
            <parameter>
                <name>x</name>
                <type>Long</type>
            </parameter>
            <parameter>
                <name>y</name>
                <type>Long</type>
            </parameter>
            <parameter>
                <name>r0</name>
                <type>Long</type>
            </parameter>
            <parameter>
                <name>r1</name>
                <type>Long</type>
            </parameter>
            <parameter>
                <name>angle0</name>
                <type>Long</type>
            </parameter>
            <parameter>
                <name>angle1</name>
                <type>Long</type>
            </parameter>
            <parameter>
                <name>color</name>
                <type>ULong</type>
            </parameter>
        </method>
        <method>
            <name DesignerName="FloodFill">FloodFill</name>
            <returntype>B4R::void</returntype>
            <parameter>
                <name>x</name>
                <type>Long</type>
            </parameter>
            <parameter>
                <name>y</name>
                <type>Long</type>
            </parameter>
            <parameter>
                <name>color</name>
                <type>ULong</type>
            </parameter>
        </method>
        <method>
            <name DesignerName="DrawTextBox">DrawTextBox</name>
            <comment>TEXTBOX</comment>
            <returntype>B4R::void</returntype>
            <parameter>
                <name>x</name>
                <type>int</type>
            </parameter>
            <parameter>
                <name>y</name>
                <type>int</type>
            </parameter>
            <parameter>
                <name>w</name>
                <type>int</type>
            </parameter>
            <parameter>
                <name>h</name>
                <type>int</type>
            </parameter>
            <parameter>
                <name>text</name>
                <type>B4R::B4RString*</type>
            </parameter>
            <parameter>
                <name>textColor</name>
                <type>ULong</type>
            </parameter>
            <parameter>
                <name>textSize</name>
                <type>double</type>
            </parameter>
            <parameter>
                <name>fillColor</name>
                <type>ULong</type>
            </parameter>
            <parameter>
                <name>borderColor</name>
                <type>ULong</type>
            </parameter>
            <parameter>
                <name>borderSize</name>
                <type>int</type>
            </parameter>
        </method>
        <method>
            <name DesignerName="DrawTextBoxMultiLine">DrawTextBoxMultiLine</name>
            <returntype>B4R::void</returntype>
            <parameter>
                <name>x</name>
                <type>int</type>
            </parameter>
            <parameter>
                <name>y</name>
                <type>int</type>
            </parameter>
            <parameter>
                <name>w</name>
                <type>int</type>
            </parameter>
            <parameter>
                <name>h</name>
                <type>int</type>
            </parameter>
            <parameter>
                <name>line1</name>
                <type>B4R::B4RString*</type>
            </parameter>
            <parameter>
                <name>line2</name>
                <type>B4R::B4RString*</type>
            </parameter>
            <parameter>
                <name>line3</name>
                <type>B4R::B4RString*</type>
            </parameter>
            <parameter>
                <name>textColor</name>
                <type>ULong</type>
            </parameter>
            <parameter>
                <name>textSize</name>
                <type>double</type>
            </parameter>
            <parameter>
                <name>fillColor</name>
                <type>ULong</type>
            </parameter>
            <parameter>
                <name>borderColor</name>
                <type>ULong</type>
            </parameter>
            <parameter>
                <name>borderSize</name>
                <type>int</type>
            </parameter>
        </method>
        <method>
            <name DesignerName="CreatePNG">CreatePNG</name>
            <comment>Create PNG data from screen selection.
Note that the max width x height is 196 x 196 px.</comment>
            <returntype>Byte[]</returntype>
            <parameter>
                <name>x</name>
                <type>Long</type>
            </parameter>
            <parameter>
                <name>y</name>
                <type>Long</type>
            </parameter>
            <parameter>
                <name>width</name>
                <type>Long</type>
            </parameter>
            <parameter>
                <name>height</name>
                <type>Long</type>
            </parameter>
        </method>
        <method>
            <name DesignerName="DrawImage">DrawImage</name>
            <comment>TODO: Draw an image.</comment>
            <returntype>bool</returntype>
            <parameter>
                <name>data</name>
                <type>Byte[]</type>
            </parameter>
            <parameter>
                <name>len</name>
                <type>ULong</type>
            </parameter>
            <parameter>
                <name>x</name>
                <type>Long</type>
            </parameter>
            <parameter>
                <name>y</name>
                <type>Long</type>
            </parameter>
            <parameter>
                <name>maxWidth</name>
                <type>Long</type>
            </parameter>
            <parameter>
                <name>maxHeight</name>
                <type>Long</type>
            </parameter>
            <parameter>
                <name>offX</name>
                <type>Long</type>
            </parameter>
            <parameter>
                <name>offY</name>
                <type>Long</type>
            </parameter>
            <parameter>
                <name>scale_x</name>
                <type>double</type>
            </parameter>
            <parameter>
                <name>scale_y</name>
                <type>double</type>
            </parameter>
            <parameter>
                <name>datum</name>
                <type>Byte</type>
            </parameter>
        </method>
        <method>
            <name DesignerName="SetRGBLEDColor">SetRGBLEDColor</name>
            <comment>Set the color of the RGB LED.
redValue (int) - 0 (OFF) - 255 (ON)
greenValue (int) - 0 (OFF) - 255 (ON)
blueValue (int) - 0 (OFF) - 255 (ON)</comment>
            <returntype>B4R::void</returntype>
            <parameter>
                <name>redValue</name>
                <type>int</type>
            </parameter>
            <parameter>
                <name>greenValue</name>
                <type>int</type>
            </parameter>
            <parameter>
                <name>blueValue</name>
                <type>int</type>
            </parameter>
        </method>
        <method>
            <name DesignerName="SetRGBLEDColorBrightness">SetRGBLEDColorBrightness</name>
            <comment>Set the color and brightness of the RGB LED.
redValue (int) - 0 (OFF) - 255 (ON)
greenValue (int) - 0 (OFF) - 255 (ON)
blueValue (int) - 0 (OFF) - 255 (ON)
brightnessValue (int) - 0 (OFF) - 100 (Full)</comment>
            <returntype>B4R::void</returntype>
            <parameter>
                <name>redValue</name>
                <type>int</type>
            </parameter>
            <parameter>
                <name>greenValue</name>
                <type>int</type>
            </parameter>
            <parameter>
                <name>blueValue</name>
                <type>int</type>
            </parameter>
            <parameter>
                <name>brightnessValue</name>
                <type>int</type>
            </parameter>
        </method>
        <method>
            <name DesignerName="SetRGBLEDOff">SetRGBLEDOff</name>
            <comment>Set RGB LED off (color black).</comment>
            <returntype>B4R::void</returntype>
        </method>
        <method>
            <name DesignerName="DrawBitmap">DrawBitmap</name>
            <comment>Draw Bitmap any size.
TODO: Define the bitmap structure.</comment>
            <returntype>B4R::void</returntype>
            <parameter>
                <name>x</name>
                <type>int</type>
            </parameter>
            <parameter>
                <name>y</name>
                <type>int</type>
            </parameter>
            <parameter>
                <name>width</name>
                <type>int</type>
            </parameter>
            <parameter>
                <name>height</name>
                <type>int</type>
            </parameter>
            <parameter>
                <name>bitmap</name>
                <type>Byte[]</type>
            </parameter>
            <parameter>
                <name>color</name>
                <type>ULong</type>
            </parameter>
            <parameter>
                <name>backgroundColor</name>
                <type>ULong</type>
            </parameter>
        </method>
        <method>
            <name DesignerName="DrawIcon">DrawIcon</name>
            <comment>Draw an icon from an byte array.</comment>
            <returntype>B4R::void</returntype>
            <parameter>
                <name>x</name>
                <type>int</type>
            </parameter>
            <parameter>
                <name>y</name>
                <type>int</type>
            </parameter>
            <parameter>
                <name>numRows</name>
                <type>int</type>
            </parameter>
            <parameter>
                <name>numCols</name>
                <type>int</type>
            </parameter>
            <parameter>
                <name>size</name>
                <type>Byte</type>
            </parameter>
            <parameter>
                <name>bitmap</name>
                <type>Byte[]</type>
            </parameter>
            <parameter>
                <name>color</name>
                <type>ULong</type>
            </parameter>
            <parameter>
                <name>backgroundColor</name>
                <type>ULong</type>
            </parameter>
        </method>
        <method>
            <name DesignerName="DrawButton">DrawButton</name>
            <comment>Draw a rounded button with unique ID.
The label textsize is adjusted depending width and height of the button. Use textsize_x and textsize_y.
Example textsize_x is 2 and textsize_y is 1.5. If x is too wide, the textsize_x is set to 1.5 instead 2.</comment>
            <returntype>B4R::void</returntype>
            <parameter>
                <name>id</name>
                <type>int</type>
            </parameter>
            <parameter>
                <name>x</name>
                <type>int</type>
            </parameter>
            <parameter>
                <name>y</name>
                <type>int</type>
            </parameter>
            <parameter>
                <name>w</name>
                <type>uint</type>
            </parameter>
            <parameter>
                <name>h</name>
                <type>uint</type>
            </parameter>
            <parameter>
                <name>fillcolor</name>
                <type>ULong</type>
            </parameter>
            <parameter>
                <name>textcolor</name>
                <type>ULong</type>
            </parameter>
            <parameter>
                <name>label</name>
                <type>B4R::B4RString*</type>
            </parameter>
            <parameter>
                <name>textsize_x</name>
                <type>float</type>
            </parameter>
            <parameter>
                <name>textsize_y</name>
                <type>float</type>
            </parameter>
            <parameter>
                <name>inverted</name>
                <type>bool</type>
            </parameter>
        </method>
        <method>
            <name DesignerName="DrawHeader">DrawHeader</name>
            <comment>Draw centered text at the display top with optional line below the text.
textalign - TEXT_ALIGN_LEFT, TEXT_ALIGN_CENTER, TEXT_ALIGN_RIGHT
linecolor - set COLOR_NONE to disable</comment>
            <returntype>B4R::void</returntype>
            <parameter>
                <name>text</name>
                <type>B4R::B4RString*</type>
            </parameter>
            <parameter>
                <name>font</name>
                <type>Byte</type>
            </parameter>
            <parameter>
                <name>textalign</name>
                <type>Byte</type>
            </parameter>
            <parameter>
                <name>textsize</name>
                <type>Byte</type>
            </parameter>
            <parameter>
                <name>textcolor</name>
                <type>ULong</type>
            </parameter>
            <parameter>
                <name>backgroundColor</name>
                <type>ULong</type>
            </parameter>
            <parameter>
                <name>linecolor</name>
                <type>ULong</type>
            </parameter>
        </method>
        <method>
            <name DesignerName="DrawFooter">DrawFooter</name>
            <comment>Draw centered text at the display bottom with optional line above the text.
textalign - TEXT_ALIGN_LEFT, TEXT_ALIGN_CENTER, TEXT_ALIGN_RIGHT
linecolor - set COLOR_NONE to disable</comment>
            <returntype>B4R::void</returntype>
            <parameter>
                <name>text</name>
                <type>B4R::B4RString*</type>
            </parameter>
            <parameter>
                <name>font</name>
                <type>Byte</type>
            </parameter>
            <parameter>
                <name>textalign</name>
                <type>Byte</type>
            </parameter>
            <parameter>
                <name>textsize</name>
                <type>Byte</type>
            </parameter>
            <parameter>
                <name>textcolor</name>
                <type>ULong</type>
            </parameter>
            <parameter>
                <name>backgroundColor</name>
                <type>ULong</type>
            </parameter>
            <parameter>
                <name>linecolor</name>
                <type>ULong</type>
            </parameter>
        </method>
        <field>
            <name DesignerName="TEXT_ALIGN_TOP_LEFT">TEXT_ALIGN_TOP_LEFT</name>
            <comment>Text alignment</comment>
            <returntype>Byte</returntype>
        </field>
        <field>
            <name DesignerName="TEXT_ALIGN_TOP_CENTER">TEXT_ALIGN_TOP_CENTER</name>
            <returntype>Byte</returntype>
        </field>
        <field>
            <name DesignerName="TEXT_ALIGN_TOP_RIGHT">TEXT_ALIGN_TOP_RIGHT</name>
            <returntype>Byte</returntype>
        </field>
        <field>
            <name DesignerName="TEXT_ALIGN_MIDDLE_LEFT">TEXT_ALIGN_MIDDLE_LEFT</name>
            <returntype>Byte</returntype>
        </field>
        <field>
            <name DesignerName="TEXT_ALIGN_MIDDLE_CENTER">TEXT_ALIGN_MIDDLE_CENTER</name>
            <returntype>Byte</returntype>
        </field>
        <field>
            <name DesignerName="TEXT_ALIGN_MIDDLE_RIGHT">TEXT_ALIGN_MIDDLE_RIGHT</name>
            <returntype>Byte</returntype>
        </field>
        <field>
            <name DesignerName="TEXT_ALIGN_BOTTOM_LEFT">TEXT_ALIGN_BOTTOM_LEFT</name>
            <returntype>Byte</returntype>
        </field>
        <field>
            <name DesignerName="TEXT_ALIGN_BOTTOM_CENTER">TEXT_ALIGN_BOTTOM_CENTER</name>
            <returntype>Byte</returntype>
        </field>
        <field>
            <name DesignerName="TEXT_ALIGN_BOTTOM_RIGHT">TEXT_ALIGN_BOTTOM_RIGHT</name>
            <returntype>Byte</returntype>
        </field>
        <field>
            <name DesignerName="TEXT_ALIGN_LEFT">TEXT_ALIGN_LEFT</name>
            <returntype>Byte</returntype>
        </field>
        <field>
            <name DesignerName="TEXT_ALIGN_CENTER">TEXT_ALIGN_CENTER</name>
            <returntype>Byte</returntype>
        </field>
        <field>
            <name DesignerName="TEXT_ALIGN_RIGHT">TEXT_ALIGN_RIGHT</name>
            <returntype>Byte</returntype>
        </field>
        <field>
            <name DefineMethod="true" DesignerName="COLOR_BLACK">B4RLOVYANGFXEX_COLOR_BLACK</name>
            <comment>Colors 16-bits to 24-bits converted from the library color list</comment>
            <returntype>ULong</returntype>
        </field>
        <field>
            <name DefineMethod="true" DesignerName="COLOR_BLUE">B4RLOVYANGFXEX_COLOR_BLUE</name>
            <returntype>ULong</returntype>
        </field>
        <field>
            <name DefineMethod="true" DesignerName="COLOR_BROWN">B4RLOVYANGFXEX_COLOR_BROWN</name>
            <returntype>ULong</returntype>
        </field>
        <field>
            <name DefineMethod="true" DesignerName="COLOR_CYAN">B4RLOVYANGFXEX_COLOR_CYAN</name>
            <returntype>ULong</returntype>
        </field>
        <field>
            <name DefineMethod="true" DesignerName="COLOR_DARKCYAN">B4RLOVYANGFXEX_COLOR_DARKCYAN</name>
            <returntype>ULong</returntype>
        </field>
        <field>
            <name DefineMethod="true" DesignerName="COLOR_DARKGRAY">B4RLOVYANGFXEX_COLOR_DARKGRAY</name>
            <returntype>ULong</returntype>
        </field>
        <field>
            <name DefineMethod="true" DesignerName="COLOR_DARKGREEN">B4RLOVYANGFXEX_COLOR_DARKGREEN</name>
            <returntype>ULong</returntype>
        </field>
        <field>
            <name DefineMethod="true" DesignerName="COLOR_DARKGREY">B4RLOVYANGFXEX_COLOR_DARKGREY</name>
            <returntype>ULong</returntype>
        </field>
        <field>
            <name DefineMethod="true" DesignerName="COLOR_GOLD">B4RLOVYANGFXEX_COLOR_GOLD</name>
            <returntype>ULong</returntype>
        </field>
        <field>
            <name DefineMethod="true" DesignerName="COLOR_GREEN">B4RLOVYANGFXEX_COLOR_GREEN</name>
            <returntype>ULong</returntype>
        </field>
        <field>
            <name DefineMethod="true" DesignerName="COLOR_GREENYELLOW">B4RLOVYANGFXEX_COLOR_GREENYELLOW</name>
            <returntype>ULong</returntype>
        </field>
        <field>
            <name DefineMethod="true" DesignerName="COLOR_LIGHTGRAY">B4RLOVYANGFXEX_COLOR_LIGHTGRAY</name>
            <returntype>ULong</returntype>
        </field>
        <field>
            <name DefineMethod="true" DesignerName="COLOR_LIGHTGREY">B4RLOVYANGFXEX_COLOR_LIGHTGREY</name>
            <returntype>ULong</returntype>
        </field>
        <field>
            <name DefineMethod="true" DesignerName="COLOR_MAGENTA">B4RLOVYANGFXEX_COLOR_MAGENTA</name>
            <returntype>ULong</returntype>
        </field>
        <field>
            <name DefineMethod="true" DesignerName="COLOR_MAROON">B4RLOVYANGFXEX_COLOR_MAROON</name>
            <returntype>ULong</returntype>
        </field>
        <field>
            <name DefineMethod="true" DesignerName="COLOR_NAVY">B4RLOVYANGFXEX_COLOR_NAVY</name>
            <returntype>ULong</returntype>
        </field>
        <field>
            <name DefineMethod="true" DesignerName="COLOR_OLIVE">B4RLOVYANGFXEX_COLOR_OLIVE</name>
            <returntype>ULong</returntype>
        </field>
        <field>
            <name DefineMethod="true" DesignerName="COLOR_ORANGE">B4RLOVYANGFXEX_COLOR_ORANGE</name>
            <returntype>ULong</returntype>
        </field>
        <field>
            <name DefineMethod="true" DesignerName="COLOR_PINK">B4RLOVYANGFXEX_COLOR_PINK</name>
            <returntype>ULong</returntype>
        </field>
        <field>
            <name DefineMethod="true" DesignerName="COLOR_PURPLE">B4RLOVYANGFXEX_COLOR_PURPLE</name>
            <returntype>ULong</returntype>
        </field>
        <field>
            <name DefineMethod="true" DesignerName="COLOR_RED">B4RLOVYANGFXEX_COLOR_RED</name>
            <returntype>ULong</returntype>
        </field>
        <field>
            <name DefineMethod="true" DesignerName="COLOR_SILVER">B4RLOVYANGFXEX_COLOR_SILVER</name>
            <returntype>ULong</returntype>
        </field>
        <field>
            <name DefineMethod="true" DesignerName="COLOR_SKYBLUE">B4RLOVYANGFXEX_COLOR_SKYBLUE</name>
            <returntype>ULong</returntype>
        </field>
        <field>
            <name DefineMethod="true" DesignerName="COLOR_TRANSPARENT">B4RLOVYANGFXEX_COLOR_TRANSPARENT</name>
            <returntype>ULong</returntype>
        </field>
        <field>
            <name DefineMethod="true" DesignerName="COLOR_VIOLET">B4RLOVYANGFXEX_COLOR_VIOLET</name>
            <returntype>ULong</returntype>
        </field>
        <field>
            <name DefineMethod="true" DesignerName="COLOR_WHITE">B4RLOVYANGFXEX_COLOR_WHITE</name>
            <returntype>ULong</returntype>
        </field>
        <field>
            <name DefineMethod="true" DesignerName="COLOR_YELLOW">B4RLOVYANGFXEX_COLOR_YELLOW</name>
            <returntype>ULong</returntype>
        </field>
        <field>
            <name DesignerName="COLOR_BLUEGRAY">COLOR_BLUEGRAY</name>
            <comment>Additional colors HEX, RGB</comment>
            <returntype>ULong</returntype>
        </field>
        <field>
            <name DesignerName="COLOR_CLASSIC_BLUE">COLOR_CLASSIC_BLUE</name>
            <returntype>ULong</returntype>
        </field>
        <field>
            <name DesignerName="COLOR_CRIMSON">COLOR_CRIMSON</name>
            <returntype>ULong</returntype>
        </field>
        <field>
            <name DesignerName="COLOR_DARKRED">COLOR_DARKRED</name>
            <returntype>ULong</returntype>
        </field>
        <field>
            <name DesignerName="COLOR_FIREBRICK">COLOR_FIREBRICK</name>
            <returntype>ULong</returntype>
        </field>
        <field>
            <name DesignerName="COLOR_GRAY">COLOR_GRAY</name>
            <returntype>ULong</returntype>
        </field>
        <field>
            <name DesignerName="COLOR_ILLUMINATING">COLOR_ILLUMINATING</name>
            <returntype>ULong</returntype>
        </field>
        <field>
            <name DesignerName="COLOR_LIME">COLOR_LIME</name>
            <returntype>ULong</returntype>
        </field>
        <field>
            <name DesignerName="COLOR_PEACH_FUZZ">COLOR_PEACH_FUZZ</name>
            <returntype>ULong</returntype>
        </field>
        <field>
            <name DesignerName="COLOR_WHITE_SMOKE">COLOR_WHITE_SMOKE</name>
            <returntype>ULong</returntype>
        </field>
        <field>
            <name DesignerName="COLOR_DEFAULT">COLOR_DEFAULT</name>
            <comment>Color use the default set (like for DrawText) - note the additional F to indentify this color</comment>
            <returntype>ULong</returntype>
        </field>
        <field>
            <name DesignerName="COLOR_NONE">COLOR_NONE</name>
            <comment>Color not to be used - note the additional E to indentify this none color</comment>
            <returntype>ULong</returntype>
        </field>
        <field>
            <name DesignerName="FONT_HEIGHT_DEFAULT">FONT_HEIGHT_DEFAULT</name>
            <comment>Default Font0 height 8 px.</comment>
            <returntype>Byte</returntype>
        </field>
        <field>
            <name DesignerName="FONT_DEFAULT">FONT_DEFAULT</name>
            <comment>Default font which is Font0</comment>
            <returntype>Byte</returntype>
        </field>
        <field>
            <name DesignerName="FONT_FONT0">FONT_FONT0</name>
            <comment>Font Font0.</comment>
            <returntype>Byte</returntype>
        </field>
        <field>
            <name DesignerName="FONT_FONT2">FONT_FONT2</name>
            <comment>Font Font2.</comment>
            <returntype>Byte</returntype>
        </field>
        <field>
            <name DesignerName="FONT_FONT4">FONT_FONT4</name>
            <comment>Font Font4.</comment>
            <returntype>Byte</returntype>
        </field>
        <field>
            <name DesignerName="FONT_FONT6">FONT_FONT6</name>
            <comment>Font Font6 to display numbers and time and contains characters [space] 0 1 2 3 4 5 6 7 8 9 : . -. All other characters print as a space.</comment>
            <returntype>Byte</returntype>
        </field>
        <field>
            <name DesignerName="FONT_FONT7">FONT_FONT7</name>
            <comment>Font Font7 is a 7 segment font to display numbers and time and contains characters [space] 0 1 2 3 4 5 6 7 8 9 : . -. All other characters print as a space.</comment>
            <returntype>Byte</returntype>
        </field>
        <field>
            <name DesignerName="FONT_FONT8">FONT_FONT8</name>
            <comment>Font Font8 is a C64 font.</comment>
            <returntype>Byte</returntype>
        </field>
        <field>
            <name DesignerName="FONT_FREEMONO_9">FONT_FREEMONO_9</name>
            <comment>Font FreeMono9pt7b FM9.</comment>
            <returntype>Byte</returntype>
        </field>
        <field>
            <name DesignerName="FONT_FREEMONOBOLD_9">FONT_FREEMONOBOLD_9</name>
            <comment>Font FreeMonoBold9pt7b FMB12.</comment>
            <returntype>Byte</returntype>
        </field>
        <field>
            <name DesignerName="FONT_FREEMONO_12">FONT_FREEMONO_12</name>
            <comment>Font FreeMono12pt7b FM12.</comment>
            <returntype>Byte</returntype>
        </field>
        <field>
            <name DesignerName="FONT_FREEMONOBOLD_12">FONT_FREEMONOBOLD_12</name>
            <comment>Font FreeMonoBold12pt7b FMB12.</comment>
            <returntype>Byte</returntype>
        </field>
        <field>
            <name DesignerName="FONT_FREESANS_9">FONT_FREESANS_9</name>
            <comment>Font FreeSans9pt7b FSS9.</comment>
            <returntype>Byte</returntype>
        </field>
        <field>
            <name DesignerName="FONT_FREESANSBOLD_9">FONT_FREESANSBOLD_9</name>
            <comment>Font FreeSansBold9pt7b FSS9.</comment>
            <returntype>Byte</returntype>
        </field>
        <field>
            <name DesignerName="FONT_FREESANS_12">FONT_FREESANS_12</name>
            <comment>Font FreeSans12pt7b FSS12.</comment>
            <returntype>Byte</returntype>
        </field>
        <field>
            <name DesignerName="FONT_FREESANSBOLD_12">FONT_FREESANSBOLD_12</name>
            <comment>Font FreeSansBold12pt7b FSS12.</comment>
            <returntype>Byte</returntype>
        </field>
        <field>
            <name DesignerName="FONT_TOMTHUMB_1">FONT_TOMTHUMB_1</name>
            <comment>Font TomThumb TT1.</comment>
            <returntype>Byte</returntype>
        </field>
        <field>
            <name DesignerName="FONT_FREESERIF_12">FONT_FREESERIF_12</name>
            <comment>Font FreeSerif12pt7b FS12.</comment>
            <returntype>Byte</returntype>
        </field>
        <field>
            <name DesignerName="FONT_FREESERIFBOLD_12">FONT_FREESERIFBOLD_12</name>
            <comment>Font FreeSerifBold12pt7b FSB12.</comment>
            <returntype>Byte</returntype>
        </field>
        <field>
            <name DesignerName="FONT_FREESERIFBOLD_24">FONT_FREESERIFBOLD_24</name>
            <comment>Font FreeSerifBold24pt7b FSB24</comment>
            <returntype>Byte</returntype>
        </field>
        <field>
            <name DesignerName="FONT_ORBITRON_LIGHT_24">FONT_ORBITRON_LIGHT_24</name>
            <comment>Font Orbitron_Light_24 OL24</comment>
            <returntype>Byte</returntype>
        </field>
        <field>
            <name DesignerName="FONT_ORBITRON_LIGHT_32">FONT_ORBITRON_LIGHT_32</name>
            <comment>Font Orbitron_Light_32 OL32</comment>
            <returntype>Byte</returntype>
        </field>
        <field>
            <name DesignerName="FONT_ROBOTO_THIN_24">FONT_ROBOTO_THIN_24</name>
            <comment>Font Roboto_Thin_24 RT24</comment>
            <returntype>Byte</returntype>
        </field>
    </class>
    <version>1</version>
</root>
